Name,Given Name,Additional Name,Family Name,Yomi Name,Given Name Yomi,Additional Name Yomi,Family Name Yomi,Name Prefix,Name Suffix,Initials,Nickname,Short Name,Maiden Name,Birthday,Gender,Location,Billing Information,Directory Server,Mileage,Occupation,Hobby,Sensitivity,Priority,Subject,Notes,Group Membership,E-mail 1 - Type,E-mail 1 - Value,E-mail 2 - Type,E-mail 2 - Value,IM 1 - Type,IM 1 - Service,IM 1 - Value,Phone 1 - Type,Phone 1 - Value,Phone 2 - Type,Phone 2 - Value,Address 1 - Type,Address 1 - Formatted,Address 1 - Street,Address 1 - City,Address 1 - PO Box,Address 1 - Region,Address 1 - Postal Code,Address 1 - Country,Address 1 - Extended Address,Organization 1 - Type,Organization 1 - Name,Organization 1 - Yomi Name,Organization 1 - Title,Organization 1 - Department,Organization 1 - Symbol,Organization 1 - Location,Organization 1 - Job Description,Website 1 - Type,Website 1 - Value
   ,Roy,Sallie,Laquita,Yomi Name,Given Name Yomi,Additional Name Yomi,Family Name Yomi,Name Prefix,Name Suffix,Initials,Nickname,Short Name,Maiden Name,Birthday,Gender,Location,Billing Information,Directory Server,Mileage,Occupation,Hobby,Sensitivity,Priority,Subject,Notes,Group Membership,E-mail 1 - Type,E-mail 1 - Value,E-mail 2 - Type,E-mail 2 - Value,IM 1 - Type,IM 1 - Service,IM 1 - Value,Mobile,074-202 41785,Phone 2 - Type,Phone 2 - Value,Address 1 - Type,Address 1 - Formatted,Address 1 - Street,Address 1 - City,Address 1 - PO Box,Address 1 - Region,Address 1 - Postal Code,Address 1 - Country,Address 1 - Extended Address,Organization 1 - Type,Organization 1 - Name,Organization 1 - Yomi Name,Organization 1 - Title,Organization 1 - Department,Organization 1 - Symbol,Organization 1 - Location,Organization 1 - Job Description,Website 1 - Type,Website 1 - Value
   ,Ronald,Lorriane,Maida,Yomi Name,Given Name Yomi,Additional Name Yomi,Family Name Yomi,Name Prefix,Name Suffix,Initials,Nickname,Short Name,Maiden Name,Birthday,Gender,Location,Billing Information,Directory Server,Mileage,Occupation,Hobby,Sensitivity,Priority,Subject,Notes,Group Membership,E-mail 1 - Type,E-mail 1 - Value,E-mail 2 - Type,E-mail 2 - Value,IM 1 - Type,IM 1 - Service,IM 1 - Value,Home,094-549 79636,Phone 2 - Type,Phone 2 - Value,Address 1 - Type,Address 1 - Formatted,Address 1 - Street,Address 1 - City,Address 1 - PO Box,Address 1 - Region,Address 1 - Postal Code,Address 1 - Country,Address 1 - Extended Address,Organization 1 - Type,Organization 1 - Name,Organization 1 - Yomi Name,Organization 1 - Title,Organization 1 - Department,Organization 1 - Symbol,Organization 1 - Location,Organization 1 - Job Description,Website 1 - Type,Website 1 - Value
   ,Alfredo,Seema,Pete,Yomi Name,Given Name Yomi,Additional Name Yomi,Family Name Yomi,Name Prefix,Name Suffix,Initials,Nickname,Short Name,Maiden Name,Birthday,Gender,Location,Billing Information,Directory Server,Mileage,Occupation,Hobby,Sensitivity,Priority,Subject,Notes,Group Membership,E-mail 1 - Type,E-mail 1 - Value,E-mail 2 - Type,E-mail 2 - Value,IM 1 - Type,IM 1 - Service,IM 1 - Value,Home,073-6 6948,Phone 2 - Type,Phone 2 - Value,Address 1 - Type,Address 1 - Formatted,Address 1 - Street,Address 1 - City,Address 1 - PO Box,Address 1 - Region,Address 1 - Postal Code,Address 1 - Country,Address 1 - Extended Address,Organization 1 - Type,Organization 1 - Name,Organization 1 - Yomi Name,Organization 1 - Title,Organization 1 - Department,Organization 1 - Symbol,Organization 1 - Location,Organization 1 - Job Description,Website 1 - Type,Website 1 - Value
   ,Larue,Lloyd,Isreal,Yomi Name,Given Name Yomi,Additional Name Yomi,Family Name Yomi,Name Prefix,Name Suffix,Initials,Nickname,Short Name,Maiden Name,Birthday,Gender,Location,Billing Information,Directory Server,Mileage,Occupation,Hobby,Sensitivity,Priority,Subject,Notes,Group Membership,E-mail 1 - Type,E-mail 1 - Value,E-mail 2 - Type,E-mail 2 - Value,IM 1 - Type,IM 1 - Service,IM 1 - Value,Home,065-900 43299,Phone 2 - Type,Phone 2 - Value,Address 1 - Type,Address 1 - Formatted,Address 1 - Street,Address 1 - City,Address 1 - PO Box,Address 1 - Region,Address 1 - Postal Code,Address 1 - Country,Address 1 - Extended Address,Organization 1 - Type,Organization 1 - Name,Organization 1 - Yomi Name,Organization 1 - Title,Organization 1 - Department,Organization 1 - Symbol,Organization 1 - Location,Organization 1 - Job Description,Website 1 - Type,Website 1 - Value
   ,Hang,Alonso,Zachariah,Yomi Name,Given Name Yomi,Additional Name Yomi,Family Name Yomi,Name Prefix,Name Suffix,Initials,Nickname,Short Name,Maiden Name,Birthday,Gender,Location,Billing Information,Directory Server,Mileage,Occupation,Hobby,Sensitivity,Priority,Subject,Notes,Group Membership,E-mail 1 - Type,E-mail 1 - Value,E-mail 2 - Type,E-mail 2 - Value,IM 1 - Type,IM 1 - Service,IM 1 - Value,Work,093-731 12664,Phone 2 - Type,Phone 2 - Value,Address 1 - Type,Address 1 - Formatted,Address 1 - Street,Address 1 - City,Address 1 - PO Box,Address 1 - Region,Address 1 - Postal Code,Address 1 - Country,Address 1 - Extended Address,Organization 1 - Type,Organization 1 - Name,Organization 1 - Yomi Name,Organization 1 - Title,Organization 1 - Department,Organization 1 - Symbol,Organization 1 - Location,Organization 1 - Job Description,Website 1 - Type,Website 1 - Value
   ,Toi,Larita,Bonnie,Yomi Name,Given Name Yomi,Additional Name Yomi,Family Name Yomi,Name Prefix,Name Suffix,Initials,Nickname,Short Name,Maiden Name,Birthday,Gender,Location,Billing Information,Directory Server,Mileage,Occupation,Hobby,Sensitivity,Priority,Subject,Notes,Group Membership,E-mail 1 - Type,E-mail 1 - Value,E-mail 2 - Type,E-mail 2 - Value,IM 1 - Type,IM 1 - Service,IM 1 - Value,Home,014-697 20954,Phone 2 - Type,Phone 2 - Value,Address 1 - Type,Address 1 - Formatted,Address 1 - Street,Address 1 - City,Address 1 - PO Box,Address 1 - Region,Address 1 - Postal Code,Address 1 - Country,Address 1 - Extended Address,Organization 1 - Type,Organization 1 - Name,Organization 1 - Yomi Name,Organization 1 - Title,Organization 1 - Department,Organization 1 - Symbol,Organization 1 - Location,Organization 1 - Job Description,Website 1 - Type,Website 1 - Value
   ,Theo,Bailey,Lucilla,Yomi Name,Given Name Yomi,Additional Name Yomi,Family Name Yomi,Name Prefix,Name Suffix,Initials,Nickname,Short Name,Maiden Name,Birthday,Gender,Location,Billing Information,Directory Server,Mileage,Occupation,Hobby,Sensitivity,Priority,Subject,Notes,Group Membership,E-mail 1 - Type,E-mail 1 - Value,E-mail 2 - Type,E-mail 2 - Value,IM 1 - Type,IM 1 - Service,IM 1 - Value,Home,062-645 50032,Phone 2 - Type,Phone 2 - Value,Address 1 - Type,Address 1 - Formatted,Address 1 - Street,Address 1 - City,Address 1 - PO Box,Address 1 - Region,Address 1 - Postal Code,Address 1 - Country,Address 1 - Extended Address,Organization 1 - Type,Organization 1 - Name,Organization 1 - Yomi Name,Organization 1 - Title,Organization 1 - Department,Organization 1 - Symbol,Organization 1 - Location,Organization 1 - Job Description,Website 1 - Type,Website 1 - Value
   ,Johnetta,Marti,Les,Yomi Name,Given Name Yomi,Additional Name Yomi,Family Name Yomi,Name Prefix,Name Suffix,Initials,Nickname,Short Name,Maiden Name,Birthday,Gender,Location,Billing Information,Directory Server,Mileage,Occupation,Hobby,Sensitivity,Priority,Subject,Notes,Group Membership,E-mail 1 - Type,E-mail 1 - Value,E-mail 2 - Type,E-mail 2 - Value,IM 1 - Type,IM 1 - Service,IM 1 - Value,Mobile,04-764 2973,Phone 2 - Type,Phone 2 - Value,Address 1 - Type,Address 1 - Formatted,Address 1 - Street,Address 1 - City,Address 1 - PO Box,Address 1 - Region,Address 1 - Postal Code,Address 1 - Country,Address 1 - Extended Address,Organization 1 - Type,Organization 1 - Name,Organization 1 - Yomi Name,Organization 1 - Title,Organization 1 - Department,Organization 1 - Symbol,Organization 1 - Location,Organization 1 - Job Description,Website 1 - Type,Website 1 - Value
   ,Francesca,Lizette,Lemuel,Yomi Name,Given Name Yomi,Additional Name Yomi,Family Name Yomi,Name Prefix,Name Suffix,Initials,Nickname,Short Name,Maiden Name,Birthday,Gender,Location,Billing Information,Directory Server,Mileage,Occupation,Hobby,Sensitivity,Priority,Subject,Notes,Group Membership,E-mail 1 - Type,E-mail 1 - Value,E-mail 2 - Type,E-mail 2 - Value,IM 1 - Type,IM 1 - Service,IM 1 - Value,Mobile,016-206 44716,Phone 2 - Type,Phone 2 - Value,Address 1 - Type,Address 1 - Formatted,Address 1 - Street,Address 1 - City,Address 1 - PO Box,Address 1 - Region,Address 1 - Postal Code,Address 1 - Country,Address 1 - Extended Address,Organization 1 - Type,Organization 1 - Name,Organization 1 - Yomi Name,Organization 1 - Title,Organization 1 - Department,Organization 1 - Symbol,Organization 1 - Location,Organization 1 - Job Description,Website 1 - Type,Website 1 - Value
   ,Bethany,Glennie,Minh,Yomi Name,Given Name Yomi,Additional Name Yomi,Family Name Yomi,Name Prefix,Name Suffix,Initials,Nickname,Short Name,Maiden Name,Birthday,Gender,Location,Billing Information,Directory Server,Mileage,Occupation,Hobby,Sensitivity,Priority,Subject,Notes,Group Membership,E-mail 1 - Type,E-mail 1 - Value,E-mail 2 - Type,E-mail 2 - Value,IM 1 - Type,IM 1 - Service,IM 1 - Value,Mobile,038-509 68010,Phone 2 - Type,Phone 2 - Value,Address 1 - Type,Address 1 - Formatted,Address 1 - Street,Address 1 - City,Address 1 - PO Box,Address 1 - Region,Address 1 - Postal Code,Address 1 - Country,Address 1 - Extended Address,Organization 1 - Type,Organization 1 - Name,Organization 1 - Yomi Name,Organization 1 - Title,Organization 1 - Department,Organization 1 - Symbol,Organization 1 - Location,Organization 1 - Job Description,Website 1 - Type,Website 1 - Value
   ,Farrah,Theressa,Kacey,Yomi Name,Given Name Yomi,Additional Name Yomi,Family Name Yomi,Name Prefix,Name Suffix,Initials,Nickname,Short Name,Maiden Name,Birthday,Gender,Location,Billing Information,Directory Server,Mileage,Occupation,Hobby,Sensitivity,Priority,Subject,Notes,Group Membership,E-mail 1 - Type,E-mail 1 - Value,E-mail 2 - Type,E-mail 2 - Value,IM 1 - Type,IM 1 - Service,IM 1 - Value,Home,054-881 62451,Phone 2 - Type,Phone 2 - Value,Address 1 - Type,Address 1 - Formatted,Address 1 - Street,Address 1 - City,Address 1 - PO Box,Address 1 - Region,Address 1 - Postal Code,Address 1 - Country,Address 1 - Extended Address,Organization 1 - Type,Organization 1 - Name,Organization 1 - Yomi Name,Organization 1 - Title,Organization 1 - Department,Organization 1 - Symbol,Organization 1 - Location,Organization 1 - Job Description,Website 1 - Type,Website 1 - Value
   ,Filomena,Wynona,Dominique,Yomi Name,Given Name Yomi,Additional Name Yomi,Family Name Yomi,Name Prefix,Name Suffix,Initials,Nickname,Short Name,Maiden Name,Birthday,Gender,Location,Billing Information,Directory Server,Mileage,Occupation,Hobby,Sensitivity,Priority,Subject,Notes,Group Membership,E-mail 1 - Type,E-mail 1 - Value,E-mail 2 - Type,E-mail 2 - Value,IM 1 - Type,IM 1 - Service,IM 1 - Value,Mobile,028-913 23185,Phone 2 - Type,Phone 2 - Value,Address 1 - Type,Address 1 - Formatted,Address 1 - Street,Address 1 - City,Address 1 - PO Box,Address 1 - Region,Address 1 - Postal Code,Address 1 - Country,Address 1 - Extended Address,Organization 1 - Type,Organization 1 - Name,Organization 1 - Yomi Name,Organization 1 - Title,Organization 1 - Department,Organization 1 - Symbol,Organization 1 - Location,Organization 1 - Job Description,Website 1 - Type,Website 1 - Value
   ,Loren,Vergie,Dong,Yomi Name,Given Name Yomi,Additional Name Yomi,Family Name Yomi,Name Prefix,Name Suffix,Initials,Nickname,Short Name,Maiden Name,Birthday,Gender,Location,Billing Information,Directory Server,Mileage,Occupation,Hobby,Sensitivity,Priority,Subject,Notes,Group Membership,E-mail 1 - Type,E-mail 1 - Value,E-mail 2 - Type,E-mail 2 - Value,IM 1 - Type,IM 1 - Service,IM 1 - Value,Work,046-274 35597,Phone 2 - Type,Phone 2 - Value,Address 1 - Type,Address 1 - Formatted,Address 1 - Street,Address 1 - City,Address 1 - PO Box,Address 1 - Region,Address 1 - Postal Code,Address 1 - Country,Address 1 - Extended Address,Organization 1 - Type,Organization 1 - Name,Organization 1 - Yomi Name,Organization 1 - Title,Organization 1 - Department,Organization 1 - Symbol,Organization 1 - Location,Organization 1 - Job Description,Website 1 - Type,Website 1 - Value
   ,Janise,Gabriela,Josephina,Yomi Name,Given Name Yomi,Additional Name Yomi,Family Name Yomi,Name Prefix,Name Suffix,Initials,Nickname,Short Name,Maiden Name,Birthday,Gender,Location,Billing Information,Directory Server,Mileage,Occupation,Hobby,Sensitivity,Priority,Subject,Notes,Group Membership,E-mail 1 - Type,E-mail 1 - Value,E-mail 2 - Type,E-mail 2 - Value,IM 1 - Type,IM 1 - Service,IM 1 - Value,Home,037-472 80464,Phone 2 - Type,Phone 2 - Value,Address 1 - Type,Address 1 - Formatted,Address 1 - Street,Address 1 - City,Address 1 - PO Box,Address 1 - Region,Address 1 - Postal Code,Address 1 - Country,Address 1 - Extended Address,Organization 1 - Type,Organization 1 - Name,Organization 1 - Yomi Name,Organization 1 - Title,Organization 1 - Department,Organization 1 - Symbol,Organization 1 - Location,Organization 1 - Job Description,Website 1 - Type,Website 1 - Value
   ,Shizue,Tinisha,Anisha,Yomi Name,Given Name Yomi,Additional Name Yomi,Family Name Yomi,Name Prefix,Name Suffix,Initials,Nickname,Short Name,Maiden Name,Birthday,Gender,Location,Billing Information,Directory Server,Mileage,Occupation,Hobby,Sensitivity,Priority,Subject,Notes,Group Membership,E-mail 1 - Type,E-mail 1 - Value,E-mail 2 - Type,E-mail 2 - Value,IM 1 - Type,IM 1 - Service,IM 1 - Value,Mobile,024-708 83040,Phone 2 - Type,Phone 2 - Value,Address 1 - Type,Address 1 - Formatted,Address 1 - Street,Address 1 - City,Address 1 - PO Box,Address 1 - Region,Address 1 - Postal Code,Address 1 - Country,Address 1 - Extended Address,Organization 1 - Type,Organization 1 - Name,Organization 1 - Yomi Name,Organization 1 - Title,Organization 1 - Department,Organization 1 - Symbol,Organization 1 - Location,Organization 1 - Job Description,Website 1 - Type,Website 1 - Value
   ,Trenton,Barrie,Isela,Yomi Name,Given Name Yomi,Additional Name Yomi,Family Name Yomi,Name Prefix,Name Suffix,Initials,Nickname,Short Name,Maiden Name,Birthday,Gender,Location,Billing Information,Directory Server,Mileage,Occupation,Hobby,Sensitivity,Priority,Subject,Notes,Group Membership,E-mail 1 - Type,E-mail 1 - Value,E-mail 2 - Type,E-mail 2 - Value,IM 1 - Type,IM 1 - Service,IM 1 - Value,Work,9178,Phone 2 - Type,Phone 2 - Value,Address 1 - Type,Address 1 - Formatted,Address 1 - Street,Address 1 - City,Address 1 - PO Box,Address 1 - Region,Address 1 - Postal Code,Address 1 - Country,Address 1 - Extended Address,Organization 1 - Type,Organization 1 - Name,Organization 1 - Yomi Name,Organization 1 - Title,Organization 1 - Department,Organization 1 - Symbol,Organization 1 - Location,Organization 1 - Job Description,Website 1 - Type,Website 1 - Value
   ,Claire,Tomeka,Deon,Yomi Name,Given Name Yomi,Additional Name Yomi,Family Name Yomi,Name Prefix,Name Suffix,Initials,Nickname,Short Name,Maiden Name,Birthday,Gender,Location,Billing Information,Directory Server,Mileage,Occupation,Hobby,Sensitivity,Priority,Subject,Notes,Group Membership,E-mail 1 - Type,E-mail 1 - Value,E-mail 2 - Type,E-mail 2 - Value,IM 1 - Type,IM 1 - Service,IM 1 - Value,Home,07-283 9533,Phone 2 - Type,Phone 2 - Value,Address 1 - Type,Address 1 - Formatted,Address 1 - Street,Address 1 - City,Address 1 - PO Box,Address 1 - Region,Address 1 - Postal Code,Address 1 - Country,Address 1 - Extended Address,Organization 1 - Type,Organization 1 - Name,Organization 1 - Yomi Name,Organization 1 - Title,Organization 1 - Department,Organization 1 - Symbol,Organization 1 - Location,Organization 1 - Job Description,Website 1 - Type,Website 1 - Value
   ,Cleo,Ma,Earle,Yomi Name,Given Name Yomi,Additional Name Yomi,Family Name Yomi,Name Prefix,Name Suffix,Initials,Nickname,Short Name,Maiden Name,Birthday,Gender,Location,Billing Information,Directory Server,Mileage,Occupation,Hobby,Sensitivity,Priority,Subject,Notes,Group Membership,E-mail 1 - Type,E-mail 1 - Value,E-mail 2 - Type,E-mail 2 - Value,IM 1 - Type,IM 1 - Service,IM 1 - Value,Mobile,077-747 87577,Phone 2 - Type,Phone 2 - Value,Address 1 - Type,Address 1 - Formatted,Address 1 - Street,Address 1 - City,Address 1 - PO Box,Address 1 - Region,Address 1 - Postal Code,Address 1 - Country,Address 1 - Extended Address,Organization 1 - Type,Organization 1 - Name,Organization 1 - Yomi Name,Organization 1 - Title,Organization 1 - Department,Organization 1 - Symbol,Organization 1 - Location,Organization 1 - Job Description,Website 1 - Type,Website 1 - Value
   ,Jim,Dolly,Imogene,Yomi Name,Given Name Yomi,Additional Name Yomi,Family Name Yomi,Name Prefix,Name Suffix,Initials,Nickname,Short Name,Maiden Name,Birthday,Gender,Location,Billing Information,Directory Server,Mileage,Occupation,Hobby,Sensitivity,Priority,Subject,Notes,Group Membership,E-mail 1 - Type,E-mail 1 - Value,E-mail 2 - Type,E-mail 2 - Value,IM 1 - Type,IM 1 - Service,IM 1 - Value,Mobile,099-232 390,Phone 2 - Type,Phone 2 - Value,Address 1 - Type,Address 1 - Formatted,Address 1 - Street,Address 1 - City,Address 1 - PO Box,Address 1 - Region,Address 1 - Postal Code,Address 1 - Country,Address 1 - Extended Address,Organization 1 - Type,Organization 1 - Name,Organization 1 - Yomi Name,Organization 1 - Title,Organization 1 - Department,Organization 1 - Symbol,Organization 1 - Location,Organization 1 - Job Description,Website 1 - Type,Website 1 - Value
   ,Lyndsay,Allyson,Desiree,Yomi Name,Given Name Yomi,Additional Name Yomi,Family Name Yomi,Name Prefix,Name Suffix,Initials,Nickname,Short Name,Maiden Name,Birthday,Gender,Location,Billing Information,Directory Server,Mileage,Occupation,Hobby,Sensitivity,Priority,Subject,Notes,Group Membership,E-mail 1 - Type,E-mail 1 - Value,E-mail 2 - Type,E-mail 2 - Value,IM 1 - Type,IM 1 - Service,IM 1 - Value,Home,079-424 33130,Phone 2 - Type,Phone 2 - Value,Address 1 - Type,Address 1 - Formatted,Address 1 - Street,Address 1 - City,Address 1 - PO Box,Address 1 - Region,Address 1 - Postal Code,Address 1 - Country,Address 1 - Extended Address,Organization 1 - Type,Organization 1 - Name,Organization 1 - Yomi Name,Organization 1 - Title,Organization 1 - Department,Organization 1 - Symbol,Organization 1 - Location,Organization 1 - Job Description,Website 1 - Type,Website 1 - Value
   ,Dina,Ashley,Roxy,Yomi Name,Given Name Yomi,Additional Name Yomi,Family Name Yomi,Name Prefix,Name Suffix,Initials,Nickname,Short Name,Maiden Name,Birthday,Gender,Location,Billing Information,Directory Server,Mileage,Occupation,Hobby,Sensitivity,Priority,Subject,Notes,Group Membership,E-mail 1 - Type,E-mail 1 - Value,E-mail 2 - Type,E-mail 2 - Value,IM 1 - Type,IM 1 - Service,IM 1 - Value,Work,049-389 52042,Phone 2 - Type,Phone 2 - Value,Address 1 - Type,Address 1 - Formatted,Address 1 - Street,Address 1 - City,Address 1 - PO Box,Address 1 - Region,Address 1 - Postal Code,Address 1 - Country,Address 1 - Extended Address,Organization 1 - Type,Organization 1 - Name,Organization 1 - Yomi Name,Organization 1 - Title,Organization 1 - Department,Organization 1 - Symbol,Organization 1 - Location,Organization 1 - Job Description,Website 1 - Type,Website 1 - Value
   ,Beau,Andera,Joey,Yomi Name,Given Name Yomi,Additional Name Yomi,Family Name Yomi,Name Prefix,Name Suffix,Initials,Nickname,Short Name,Maiden Name,Birthday,Gender,Location,Billing Information,Directory Server,Mileage,Occupation,Hobby,Sensitivity,Priority,Subject,Notes,Group Membership,E-mail 1 - Type,E-mail 1 - Value,E-mail 2 - Type,E-mail 2 - Value,IM 1 - Type,IM 1 - Service,IM 1 - Value,Home,6822,Phone 2 - Type,Phone 2 - Value,Address 1 - Type,Address 1 - Formatted,Address 1 - Street,Address 1 - City,Address 1 - PO Box,Address 1 - Region,Address 1 - Postal Code,Address 1 - Country,Address 1 - Extended Address,Organization 1 - Type,Organization 1 - Name,Organization 1 - Yomi Name,Organization 1 - Title,Organization 1 - Department,Organization 1 - Symbol,Organization 1 - Location,Organization 1 - Job Description,Website 1 - Type,Website 1 - Value
   ,Jeana,Angle,Ulrike,Yomi Name,Given Name Yomi,Additional Name Yomi,Family Name Yomi,Name Prefix,Name Suffix,Initials,Nickname,Short Name,Maiden Name,Birthday,Gender,Location,Billing Information,Directory Server,Mileage,Occupation,Hobby,Sensitivity,Priority,Subject,Notes,Group Membership,E-mail 1 - Type,E-mail 1 - Value,E-mail 2 - Type,E-mail 2 - Value,IM 1 - Type,IM 1 - Service,IM 1 - Value,Mobile,034-896 788,Phone 2 - Type,Phone 2 - Value,Address 1 - Type,Address 1 - Formatted,Address 1 - Street,Address 1 - City,Address 1 - PO Box,Address 1 - Region,Address 1 - Postal Code,Address 1 - Country,Address 1 - Extended Address,Organization 1 - Type,Organization 1 - Name,Organization 1 - Yomi Name,Organization 1 - Title,Organization 1 - Department,Organization 1 - Symbol,Organization 1 - Location,Organization 1 - Job Description,Website 1 - Type,Website 1 - Value
   ,Luciano,Jamee,Joetta,Yomi Name,Given Name Yomi,Additional Name Yomi,Family Name Yomi,Name Prefix,Name Suffix,Initials,Nickname,Short Name,Maiden Name,Birthday,Gender,Location,Billing Information,Directory Server,Mileage,Occupation,Hobby,Sensitivity,Priority,Subject,Notes,Group Membership,E-mail 1 - Type,E-mail 1 - Value,E-mail 2 - Type,E-mail 2 - Value,IM 1 - Type,IM 1 - Service,IM 1 - Value,Home,015-9 2246,Phone 2 - Type,Phone 2 - Value,Address 1 - Type,Address 1 - Formatted,Address 1 - Street,Address 1 - City,Address 1 - PO Box,Address 1 - Region,Address 1 - Postal Code,Address 1 - Country,Address 1 - Extended Address,Organization 1 - Type,Organization 1 - Name,Organization 1 - Yomi Name,Organization 1 - Title,Organization 1 - Department,Organization 1 - Symbol,Organization 1 - Location,Organization 1 - Job Description,Website 1 - Type,Website 1 - Value
   ,Cyndy,Kieth,Tobias,Yomi Name,Given Name Yomi,Additional Name Yomi,Family Name Yomi,Name Prefix,Name Suffix,Initials,Nickname,Short Name,Maiden Name,Birthday,Gender,Location,Billing Information,Directory Server,Mileage,Occupation,Hobby,Sensitivity,Priority,Subject,Notes,Group Membership,E-mail 1 - Type,E-mail 1 - Value,E-mail 2 - Type,E-mail 2 - Value,IM 1 - Type,IM 1 - Service,IM 1 - Value,Mobile,039-839 281,Phone 2 - Type,Phone 2 - Value,Address 1 - Type,Address 1 - Formatted,Address 1 - Street,Address 1 - City,Address 1 - PO Box,Address 1 - Region,Address 1 - Postal Code,Address 1 - Country,Address 1 - Extended Address,Organization 1 - Type,Organization 1 - Name,Organization 1 - Yomi Name,Organization 1 - Title,Organization 1 - Department,Organization 1 - Symbol,Organization 1 - Location,Organization 1 - Job Description,Website 1 - Type,Website 1 - Value
   ,Annalisa,Chauncey,Chauncey,Yomi Name,Given Name Yomi,Additional Name Yomi,Family Name Yomi,Name Prefix,Name Suffix,Initials,Nickname,Short Name,Maiden Name,Birthday,Gender,Location,Billing Information,Directory Server,Mileage,Occupation,Hobby,Sensitivity,Priority,Subject,Notes,Group Membership,E-mail 1 - Type,E-mail 1 - Value,E-mail 2 - Type,E-mail 2 - Value,IM 1 - Type,IM 1 - Service,IM 1 - Value,Work,099-304 37938,Phone 2 - Type,Phone 2 - Value,Address 1 - Type,Address 1 - Formatted,Address 1 - Street,Address 1 - City,Address 1 - PO Box,Address 1 - Region,Address 1 - Postal Code,Address 1 - Country,Address 1 - Extended Address,Organization 1 - Type,Organization 1 - Name,Organization 1 - Yomi Name,Organization 1 - Title,Organization 1 - Department,Organization 1 - Symbol,Organization 1 - Location,Organization 1 - Job Description,Website 1 - Type,Website 1 - Value
   ,Rita,Fatimah,Cheryle,Yomi Name,Given Name Yomi,Additional Name Yomi,Family Name Yomi,Name Prefix,Name Suffix,Initials,Nickname,Short Name,Maiden Name,Birthday,Gender,Location,Billing Information,Directory Server,Mileage,Occupation,Hobby,Sensitivity,Priority,Subject,Notes,Group Membership,E-mail 1 - Type,E-mail 1 - Value,E-mail 2 - Type,E-mail 2 - Value,IM 1 - Type,IM 1 - Service,IM 1 - Value,Home,041-308 13828,Phone 2 - Type,Phone 2 - Value,Address 1 - Type,Address 1 - Formatted,Address 1 - Street,Address 1 - City,Address 1 - PO Box,Address 1 - Region,Address 1 - Postal Code,Address 1 - Country,Address 1 - Extended Address,Organization 1 - Type,Organization 1 - Name,Organization 1 - Yomi Name,Organization 1 - Title,Organization 1 - Department,Organization 1 - Symbol,Organization 1 - Location,Organization 1 - Job Description,Website 1 - Type,Website 1 - Value
   ,Lolita,Elaine,Leonarda,Yomi Name,Given Name Yomi,Additional Name Yomi,Family Name Yomi,Name Prefix,Name Suffix,Initials,Nickname,Short Name,Maiden Name,Birthday,Gender,Location,Billing Information,Directory Server,Mileage,Occupation,Hobby,Sensitivity,Priority,Subject,Notes,Group Membership,E-mail 1 - Type,E-mail 1 - Value,E-mail 2 - Type,E-mail 2 - Value,IM 1 - Type,IM 1 - Service,IM 1 - Value,Work,068-980 59078,Phone 2 - Type,Phone 2 - Value,Address 1 - Type,Address 1 - Formatted,Address 1 - Street,Address 1 - City,Address 1 - PO Box,Address 1 - Region,Address 1 - Postal Code,Address 1 - Country,Address 1 - Extended Address,Organization 1 - Type,Organization 1 - Name,Organization 1 - Yomi Name,Organization 1 - Title,Organization 1 - Department,Organization 1 - Symbol,Organization 1 - Location,Organization 1 - Job Description,Website 1 - Type,Website 1 - Value
   ,Mckenzie,Lawrence,Louie,Yomi Name,Given Name Yomi,Additional Name Yomi,Family Name Yomi,Name Prefix,Name Suffix,Initials,Nickname,Short Name,Maiden Name,Birthday,Gender,Location,Billing Information,Directory Server,Mileage,Occupation,Hobby,Sensitivity,Priority,Subject,Notes,Group Membership,E-mail 1 - Type,E-mail 1 - Value,E-mail 2 - Type,E-mail 2 - Value,IM 1 - Type,IM 1 - Service,IM 1 - Value,Mobile,089-123 82770,Phone 2 - Type,Phone 2 - Value,Address 1 - Type,Address 1 - Formatted,Address 1 - Street,Address 1 - City,Address 1 - PO Box,Address 1 - Region,Address 1 - Postal Code,Address 1 - Country,Address 1 - Extended Address,Organization 1 - Type,Organization 1 - Name,Organization 1 - Yomi Name,Organization 1 - Title,Organization 1 - Department,Organization 1 - Symbol,Organization 1 - Location,Organization 1 - Job Description,Website 1 - Type,Website 1 - Value
   ,Antione,Liana,Garry,Yomi Name,Given Name Yomi,Additional Name Yomi,Family Name Yomi,Name Prefix,Name Suffix,Initials,Nickname,Short Name,Maiden Name,Birthday,Gender,Location,Billing Information,Directory Server,Mileage,Occupation,Hobby,Sensitivity,Priority,Subject,Notes,Group Membership,E-mail 1 - Type,E-mail 1 - Value,E-mail 2 - Type,E-mail 2 - Value,IM 1 - Type,IM 1 - Service,IM 1 - Value,Work,044-34 7627,Phone 2 - Type,Phone 2 - Value,Address 1 - Type,Address 1 - Formatted,Address 1 - Street,Address 1 - City,Address 1 - PO Box,Address 1 - Region,Address 1 - Postal Code,Address 1 - Country,Address 1 - Extended Address,Organization 1 - Type,Organization 1 - Name,Organization 1 - Yomi Name,Organization 1 - Title,Organization 1 - Department,Organization 1 - Symbol,Organization 1 - Location,Organization 1 - Job Description,Website 1 - Type,Website 1 - Value
   ,Librada,Brendan,Valorie,Yomi Name,Given Name Yomi,Additional Name Yomi,Family Name Yomi,Name Prefix,Name Suffix,Initials,Nickname,Short Name,Maiden Name,Birthday,Gender,Location,Billing Information,Directory Server,Mileage,Occupation,Hobby,Sensitivity,Priority,Subject,Notes,Group Membership,E-mail 1 - Type,E-mail 1 - Value,E-mail 2 - Type,E-mail 2 - Value,IM 1 - Type,IM 1 - Service,IM 1 - Value,Home,078-247 36557,Phone 2 - Type,Phone 2 - Value,Address 1 - Type,Address 1 - Formatted,Address 1 - Street,Address 1 - City,Address 1 - PO Box,Address 1 - Region,Address 1 - Postal Code,Address 1 - Country,Address 1 - Extended Address,Organization 1 - Type,Organization 1 - Name,Organization 1 - Yomi Name,Organization 1 - Title,Organization 1 - Department,Organization 1 - Symbol,Organization 1 - Location,Organization 1 - Job Description,Website 1 - Type,Website 1 - Value
   ,Argelia,Altagracia,Raymon,Yomi Name,Given Name Yomi,Additional Name Yomi,Family Name Yomi,Name Prefix,Name Suffix,Initials,Nickname,Short Name,Maiden Name,Birthday,Gender,Location,Billing Information,Directory Server,Mileage,Occupation,Hobby,Sensitivity,Priority,Subject,Notes,Group Membership,E-mail 1 - Type,E-mail 1 - Value,E-mail 2 - Type,E-mail 2 - Value,IM 1 - Type,IM 1 - Service,IM 1 - Value,Home,08-959 6313,Phone 2 - Type,Phone 2 - Value,Address 1 - Type,Address 1 - Formatted,Address 1 - Street,Address 1 - City,Address 1 - PO Box,Address 1 - Region,Address 1 - Postal Code,Address 1 - Country,Address 1 - Extended Address,Organization 1 - Type,Organization 1 - Name,Organization 1 - Yomi Name,Organization 1 - Title,Organization 1 - Department,Organization 1 - Symbol,Organization 1 - Location,Organization 1 - Job Description,Website 1 - Type,Website 1 - Value
   ,Aleisha,Fallon,Dimple,Yomi Name,Given Name Yomi,Additional Name Yomi,Family Name Yomi,Name Prefix,Name Suffix,Initials,Nickname,Short Name,Maiden Name,Birthday,Gender,Location,Billing Information,Directory Server,Mileage,Occupation,Hobby,Sensitivity,Priority,Subject,Notes,Group Membership,E-mail 1 - Type,E-mail 1 - Value,E-mail 2 - Type,E-mail 2 - Value,IM 1 - Type,IM 1 - Service,IM 1 - Value,Mobile,021-491 43901,Phone 2 - Type,Phone 2 - Value,Address 1 - Type,Address 1 - Formatted,Address 1 - Street,Address 1 - City,Address 1 - PO Box,Address 1 - Region,Address 1 - Postal Code,Address 1 - Country,Address 1 - Extended Address,Organization 1 - Type,Organization 1 - Name,Organization 1 - Yomi Name,Organization 1 - Title,Organization 1 - Department,Organization 1 - Symbol,Organization 1 - Location,Organization 1 - Job Description,Website 1 - Type,Website 1 - Value
   ,Sandie,Jules,Sherell,Yomi Name,Given Name Yomi,Additional Name Yomi,Family Name Yomi,Name Prefix,Name Suffix,Initials,Nickname,Short Name,Maiden Name,Birthday,Gender,Location,Billing Information,Directory Server,Mileage,Occupation,Hobby,Sensitivity,Priority,Subject,Notes,Group Membership,E-mail 1 - Type,E-mail 1 - Value,E-mail 2 - Type,E-mail 2 - Value,IM 1 - Type,IM 1 - Service,IM 1 - Value,Work,036-923 47875,Phone 2 - Type,Phone 2 - Value,Address 1 - Type,Address 1 - Formatted,Address 1 - Street,Address 1 - City,Address 1 - PO Box,Address 1 - Region,Address 1 - Postal Code,Address 1 - Country,Address 1 - Extended Address,Organization 1 - Type,Organization 1 - Name,Organization 1 - Yomi Name,Organization 1 - Title,Organization 1 - Department,Organization 1 - Symbol,Organization 1 - Location,Organization 1 - Job Description,Website 1 - Type,Website 1 - Value
   ,Antony,Denae,Olive,Yomi Name,Given Name Yomi,Additional Name Yomi,Family Name Yomi,Name Prefix,Name Suffix,Initials,Nickname,Short Name,Maiden Name,Birthday,Gender,Location,Billing Information,Directory Server,Mileage,Occupation,Hobby,Sensitivity,Priority,Subject,Notes,Group Membership,E-mail 1 - Type,E-mail 1 - Value,E-mail 2 - Type,E-mail 2 - Value,IM 1 - Type,IM 1 - Service,IM 1 - Value,Mobile,057-626 33165,Phone 2 - Type,Phone 2 - Value,Address 1 - Type,Address 1 - Formatted,Address 1 - Street,Address 1 - City,Address 1 - PO Box,Address 1 - Region,Address 1 - Postal Code,Address 1 - Country,Address 1 - Extended Address,Organization 1 - Type,Organization 1 - Name,Organization 1 - Yomi Name,Organization 1 - Title,Organization 1 - Department,Organization 1 - Symbol,Organization 1 - Location,Organization 1 - Job Description,Website 1 - Type,Website 1 - Value
   ,Krista,Jose,Cathern,Yomi Name,Given Name Yomi,Additional Name Yomi,Family Name Yomi,Name Prefix,Name Suffix,Initials,Nickname,Short Name,Maiden Name,Birthday,Gender,Location,Billing Information,Directory Server,Mileage,Occupation,Hobby,Sensitivity,Priority,Subject,Notes,Group Membership,E-mail 1 - Type,E-mail 1 - Value,E-mail 2 - Type,E-mail 2 - Value,IM 1 - Type,IM 1 - Service,IM 1 - Value,Home,037-550 87150,Phone 2 - Type,Phone 2 - Value,Address 1 - Type,Address 1 - Formatted,Address 1 - Street,Address 1 - City,Address 1 - PO Box,Address 1 - Region,Address 1 - Postal Code,Address 1 - Country,Address 1 - Extended Address,Organization 1 - Type,Organization 1 - Name,Organization 1 - Yomi Name,Organization 1 - Title,Organization 1 - Department,Organization 1 - Symbol,Organization 1 - Location,Organization 1 - Job Description,Website 1 - Type,Website 1 - Value
   ,Graciela,Riva,Marcel,Yomi Name,Given Name Yomi,Additional Name Yomi,Family Name Yomi,Name Prefix,Name Suffix,Initials,Nickname,Short Name,Maiden Name,Birthday,Gender,Location,Billing Information,Directory Server,Mileage,Occupation,Hobby,Sensitivity,Priority,Subject,Notes,Group Membership,E-mail 1 - Type,E-mail 1 - Value,E-mail 2 - Type,E-mail 2 - Value,IM 1 - Type,IM 1 - Service,IM 1 - Value,Home,05-108 8828,Phone 2 - Type,Phone 2 - Value,Address 1 - Type,Address 1 - Formatted,Address 1 - Street,Address 1 - City,Address 1 - PO Box,Address 1 - Region,Address 1 - Postal Code,Address 1 - Country,Address 1 - Extended Address,Organization 1 - Type,Organization 1 - Name,Organization 1 - Yomi Name,Organization 1 - Title,Organization 1 - Department,Organization 1 - Symbol,Organization 1 - Location,Organization 1 - Job Description,Website 1 - Type,Website 1 - Value
   ,Dann,Kaitlyn,Ashley,Yomi Name,Given Name Yomi,Additional Name Yomi,Family Name Yomi,Name Prefix,Name Suffix,Initials,Nickname,Short Name,Maiden Name,Birthday,Gender,Location,Billing Information,Directory Server,Mileage,Occupation,Hobby,Sensitivity,Priority,Subject,Notes,Group Membership,E-mail 1 - Type,E-mail 1 - Value,E-mail 2 - Type,E-mail 2 - Value,IM 1 - Type,IM 1 - Service,IM 1 - Value,Mobile,076-829 81355,Phone 2 - Type,Phone 2 - Value,Address 1 - Type,Address 1 - Formatted,Address 1 - Street,Address 1 - City,Address 1 - PO Box,Address 1 - Region,Address 1 - Postal Code,Address 1 - Country,Address 1 - Extended Address,Organization 1 - Type,Organization 1 - Name,Organization 1 - Yomi Name,Organization 1 - Title,Organization 1 - Department,Organization 1 - Symbol,Organization 1 - Location,Organization 1 - Job Description,Website 1 - Type,Website 1 - Value
   ,Patrina,Franchesca,Cyrstal,Yomi Name,Given Name Yomi,Additional Name Yomi,Family Name Yomi,Name Prefix,Name Suffix,Initials,Nickname,Short Name,Maiden Name,Birthday,Gender,Location,Billing Information,Directory Server,Mileage,Occupation,Hobby,Sensitivity,Priority,Subject,Notes,Group Membership,E-mail 1 - Type,E-mail 1 - Value,E-mail 2 - Type,E-mail 2 - Value,IM 1 - Type,IM 1 - Service,IM 1 - Value,Home,097-829 17972,Phone 2 - Type,Phone 2 - Value,Address 1 - Type,Address 1 - Formatted,Address 1 - Street,Address 1 - City,Address 1 - PO Box,Address 1 - Region,Address 1 - Postal Code,Address 1 - Country,Address 1 - Extended Address,Organization 1 - Type,Organization 1 - Name,Organization 1 - Yomi Name,Organization 1 - Title,Organization 1 - Department,Organization 1 - Symbol,Organization 1 - Location,Organization 1 - Job Description,Website 1 - Type,Website 1 - Value
   ,Cherilyn,Keith,Tameika,Yomi Name,Given Name Yomi,Additional Name Yomi,Family Name Yomi,Name Prefix,Name Suffix,Initials,Nickname,Short Name,Maiden Name,Birthday,Gender,Location,Billing Information,Directory Server,Mileage,Occupation,Hobby,Sensitivity,Priority,Subject,Notes,Group Membership,E-mail 1 - Type,E-mail 1 - Value,E-mail 2 - Type,E-mail 2 - Value,IM 1 - Type,IM 1 - Service,IM 1 - Value,Work,01-447 4485,Phone 2 - Type,Phone 2 - Value,Address 1 - Type,Address 1 - Formatted,Address 1 - Street,Address 1 - City,Address 1 - PO Box,Address 1 - Region,Address 1 - Postal Code,Address 1 - Country,Address 1 - Extended Address,Organization 1 - Type,Organization 1 - Name,Organization 1 - Yomi Name,Organization 1 - Title,Organization 1 - Department,Organization 1 - Symbol,Organization 1 - Location,Organization 1 - Job Description,Website 1 - Type,Website 1 - Value
   ,Darryl,Wilbert,Christena,Yomi Name,Given Name Yomi,Additional Name Yomi,Family Name Yomi,Name Prefix,Name Suffix,Initials,Nickname,Short Name,Maiden Name,Birthday,Gender,Location,Billing Information,Directory Server,Mileage,Occupation,Hobby,Sensitivity,Priority,Subject,Notes,Group Membership,E-mail 1 - Type,E-mail 1 - Value,E-mail 2 - Type,E-mail 2 - Value,IM 1 - Type,IM 1 - Service,IM 1 - Value,Work,051-375 51632,Phone 2 - Type,Phone 2 - Value,Address 1 - Type,Address 1 - Formatted,Address 1 - Street,Address 1 - City,Address 1 - PO Box,Address 1 - Region,Address 1 - Postal Code,Address 1 - Country,Address 1 - Extended Address,Organization 1 - Type,Organization 1 - Name,Organization 1 - Yomi Name,Organization 1 - Title,Organization 1 - Department,Organization 1 - Symbol,Organization 1 - Location,Organization 1 - Job Description,Website 1 - Type,Website 1 - Value
   ,Steven,Merry,Theodora,Yomi Name,Given Name Yomi,Additional Name Yomi,Family Name Yomi,Name Prefix,Name Suffix,Initials,Nickname,Short Name,Maiden Name,Birthday,Gender,Location,Billing Information,Directory Server,Mileage,Occupation,Hobby,Sensitivity,Priority,Subject,Notes,Group Membership,E-mail 1 - Type,E-mail 1 - Value,E-mail 2 - Type,E-mail 2 - Value,IM 1 - Type,IM 1 - Service,IM 1 - Value,Work,094-760 59665,Phone 2 - Type,Phone 2 - Value,Address 1 - Type,Address 1 - Formatted,Address 1 - Street,Address 1 - City,Address 1 - PO Box,Address 1 - Region,Address 1 - Postal Code,Address 1 - Country,Address 1 - Extended Address,Organization 1 - Type,Organization 1 - Name,Organization 1 - Yomi Name,Organization 1 - Title,Organization 1 - Department,Organization 1 - Symbol,Organization 1 - Location,Organization 1 - Job Description,Website 1 - Type,Website 1 - Value
   ,Lorene,Brooke,Rolando,Yomi Name,Given Name Yomi,Additional Name Yomi,Family Name Yomi,Name Prefix,Name Suffix,Initials,Nickname,Short Name,Maiden Name,Birthday,Gender,Location,Billing Information,Directory Server,Mileage,Occupation,Hobby,Sensitivity,Priority,Subject,Notes,Group Membership,E-mail 1 - Type,E-mail 1 - Value,E-mail 2 - Type,E-mail 2 - Value,IM 1 - Type,IM 1 - Service,IM 1 - Value,Home,019-969 41303,Phone 2 - Type,Phone 2 - Value,Address 1 - Type,Address 1 - Formatted,Address 1 - Street,Address 1 - City,Address 1 - PO Box,Address 1 - Region,Address 1 - Postal Code,Address 1 - Country,Address 1 - Extended Address,Organization 1 - Type,Organization 1 - Name,Organization 1 - Yomi Name,Organization 1 - Title,Organization 1 - Department,Organization 1 - Symbol,Organization 1 - Location,Organization 1 - Job Description,Website 1 - Type,Website 1 - Value
   ,Dolly,Ophelia,Kristel,Yomi Name,Given Name Yomi,Additional Name Yomi,Family Name Yomi,Name Prefix,Name Suffix,Initials,Nickname,Short Name,Maiden Name,Birthday,Gender,Location,Billing Information,Directory Server,Mileage,Occupation,Hobby,Sensitivity,Priority,Subject,Notes,Group Membership,E-mail 1 - Type,E-mail 1 - Value,E-mail 2 - Type,E-mail 2 - Value,IM 1 - Type,IM 1 - Service,IM 1 - Value,Home,022-531 14465,Phone 2 - Type,Phone 2 - Value,Address 1 - Type,Address 1 - Formatted,Address 1 - Street,Address 1 - City,Address 1 - PO Box,Address 1 - Region,Address 1 - Postal Code,Address 1 - Country,Address 1 - Extended Address,Organization 1 - Type,Organization 1 - Name,Organization 1 - Yomi Name,Organization 1 - Title,Organization 1 - Department,Organization 1 - Symbol,Organization 1 - Location,Organization 1 - Job Description,Website 1 - Type,Website 1 - Value
   ,Pasquale,Jean,Rachal,Yomi Name,Given Name Yomi,Additional Name Yomi,Family Name Yomi,Name Prefix,Name Suffix,Initials,Nickname,Short Name,Maiden Name,Birthday,Gender,Location,Billing Information,Directory Server,Mileage,Occupation,Hobby,Sensitivity,Priority,Subject,Notes,Group Membership,E-mail 1 - Type,E-mail 1 - Value,E-mail 2 - Type,E-mail 2 - Value,IM 1 - Type,IM 1 - Service,IM 1 - Value,Home,043-232 81200,Phone 2 - Type,Phone 2 - Value,Address 1 - Type,Address 1 - Formatted,Address 1 - Street,Address 1 - City,Address 1 - PO Box,Address 1 - Region,Address 1 - Postal Code,Address 1 - Country,Address 1 - Extended Address,Organization 1 - Type,Organization 1 - Name,Organization 1 - Yomi Name,Organization 1 - Title,Organization 1 - Department,Organization 1 - Symbol,Organization 1 - Location,Organization 1 - Job Description,Website 1 - Type,Website 1 - Value
   ,Sonya,Pricilla,Clarinda,Yomi Name,Given Name Yomi,Additional Name Yomi,Family Name Yomi,Name Prefix,Name Suffix,Initials,Nickname,Short Name,Maiden Name,Birthday,Gender,Location,Billing Information,Directory Server,Mileage,Occupation,Hobby,Sensitivity,Priority,Subject,Notes,Group Membership,E-mail 1 - Type,E-mail 1 - Value,E-mail 2 - Type,E-mail 2 - Value,IM 1 - Type,IM 1 - Service,IM 1 - Value,Mobile,066-786 53978,Phone 2 - Type,Phone 2 - Value,Address 1 - Type,Address 1 - Formatted,Address 1 - Street,Address 1 - City,Address 1 - PO Box,Address 1 - Region,Address 1 - Postal Code,Address 1 - Country,Address 1 - Extended Address,Organization 1 - Type,Organization 1 - Name,Organization 1 - Yomi Name,Organization 1 - Title,Organization 1 - Department,Organization 1 - Symbol,Organization 1 - Location,Organization 1 - Job Description,Website 1 - Type,Website 1 - Value
   ,Lorie,Rosalind,Concha,Yomi Name,Given Name Yomi,Additional Name Yomi,Family Name Yomi,Name Prefix,Name Suffix,Initials,Nickname,Short Name,Maiden Name,Birthday,Gender,Location,Billing Information,Directory Server,Mileage,Occupation,Hobby,Sensitivity,Priority,Subject,Notes,Group Membership,E-mail 1 - Type,E-mail 1 - Value,E-mail 2 - Type,E-mail 2 - Value,IM 1 - Type,IM 1 - Service,IM 1 - Value,Mobile,011-459 93534,Phone 2 - Type,Phone 2 - Value,Address 1 - Type,Address 1 - Formatted,Address 1 - Street,Address 1 - City,Address 1 - PO Box,Address 1 - Region,Address 1 - Postal Code,Address 1 - Country,Address 1 - Extended Address,Organization 1 - Type,Organization 1 - Name,Organization 1 - Yomi Name,Organization 1 - Title,Organization 1 - Department,Organization 1 - Symbol,Organization 1 - Location,Organization 1 - Job Description,Website 1 - Type,Website 1 - Value
   ,Mitchell,Samira,Lyndia,Yomi Name,Given Name Yomi,Additional Name Yomi,Family Name Yomi,Name Prefix,Name Suffix,Initials,Nickname,Short Name,Maiden Name,Birthday,Gender,Location,Billing Information,Directory Server,Mileage,Occupation,Hobby,Sensitivity,Priority,Subject,Notes,Group Membership,E-mail 1 - Type,E-mail 1 - Value,E-mail 2 - Type,E-mail 2 - Value,IM 1 - Type,IM 1 - Service,IM 1 - Value,Mobile,057-189 86391,Phone 2 - Type,Phone 2 - Value,Address 1 - Type,Address 1 - Formatted,Address 1 - Street,Address 1 - City,Address 1 - PO Box,Address 1 - Region,Address 1 - Postal Code,Address 1 - Country,Address 1 - Extended Address,Organization 1 - Type,Organization 1 - Name,Organization 1 - Yomi Name,Organization 1 - Title,Organization 1 - Department,Organization 1 - Symbol,Organization 1 - Location,Organization 1 - Job Description,Website 1 - Type,Website 1 - Value
   ,Tyson,Tad,Patience,Yomi Name,Given Name Yomi,Additional Name Yomi,Family Name Yomi,Name Prefix,Name Suffix,Initials,Nickname,Short Name,Maiden Name,Birthday,Gender,Location,Billing Information,Directory Server,Mileage,Occupation,Hobby,Sensitivity,Priority,Subject,Notes,Group Membership,E-mail 1 - Type,E-mail 1 - Value,E-mail 2 - Type,E-mail 2 - Value,IM 1 - Type,IM 1 - Service,IM 1 - Value,Mobile,054-377 86960,Phone 2 - Type,Phone 2 - Value,Address 1 - Type,Address 1 - Formatted,Address 1 - Street,Address 1 - City,Address 1 - PO Box,Address 1 - Region,Address 1 - Postal Code,Address 1 - Country,Address 1 - Extended Address,Organization 1 - Type,Organization 1 - Name,Organization 1 - Yomi Name,Organization 1 - Title,Organization 1 - Department,Organization 1 - Symbol,Organization 1 - Location,Organization 1 - Job Description,Website 1 - Type,Website 1 - Value
   ,Rolande,Marcella,Jeffie,Yomi Name,Given Name Yomi,Additional Name Yomi,Family Name Yomi,Name Prefix,Name Suffix,Initials,Nickname,Short Name,Maiden Name,Birthday,Gender,Location,Billing Information,Directory Server,Mileage,Occupation,Hobby,Sensitivity,Priority,Subject,Notes,Group Membership,E-mail 1 - Type,E-mail 1 - Value,E-mail 2 - Type,E-mail 2 - Value,IM 1 - Type,IM 1 - Service,IM 1 - Value,Work,018-408 35951,Phone 2 - Type,Phone 2 - Value,Address 1 - Type,Address 1 - Formatted,Address 1 - Street,Address 1 - City,Address 1 - PO Box,Address 1 - Region,Address 1 - Postal Code,Address 1 - Country,Address 1 - Extended Address,Organization 1 - Type,Organization 1 - Name,Organization 1 - Yomi Name,Organization 1 - Title,Organization 1 - Department,Organization 1 - Symbol,Organization 1 - Location,Organization 1 - Job Description,Website 1 - Type,Website 1 - Value
   ,Chanelle,Francene,Dyan,Yomi Name,Given Name Yomi,Additional Name Yomi,Family Name Yomi,Name Prefix,Name Suffix,Initials,Nickname,Short Name,Maiden Name,Birthday,Gender,Location,Billing Information,Directory Server,Mileage,Occupation,Hobby,Sensitivity,Priority,Subject,Notes,Group Membership,E-mail 1 - Type,E-mail 1 - Value,E-mail 2 - Type,E-mail 2 - Value,IM 1 - Type,IM 1 - Service,IM 1 - Value,Home,071-216 98234,Phone 2 - Type,Phone 2 - Value,Address 1 - Type,Address 1 - Formatted,Address 1 - Street,Address 1 - City,Address 1 - PO Box,Address 1 - Region,Address 1 - Postal Code,Address 1 - Country,Address 1 - Extended Address,Organization 1 - Type,Organization 1 - Name,Organization 1 - Yomi Name,Organization 1 - Title,Organization 1 - Department,Organization 1 - Symbol,Organization 1 - Location,Organization 1 - Job Description,Website 1 - Type,Website 1 - Value
   ,Angelena,Hillary,Opal,Yomi Name,Given Name Yomi,Additional Name Yomi,Family Name Yomi,Name Prefix,Name Suffix,Initials,Nickname,Short Name,Maiden Name,Birthday,Gender,Location,Billing Information,Directory Server,Mileage,Occupation,Hobby,Sensitivity,Priority,Subject,Notes,Group Membership,E-mail 1 - Type,E-mail 1 - Value,E-mail 2 - Type,E-mail 2 - Value,IM 1 - Type,IM 1 - Service,IM 1 - Value,Work,03-68 505,Phone 2 - Type,Phone 2 - Value,Address 1 - Type,Address 1 - Formatted,Address 1 - Street,Address 1 - City,Address 1 - PO Box,Address 1 - Region,Address 1 - Postal Code,Address 1 - Country,Address 1 - Extended Address,Organization 1 - Type,Organization 1 - Name,Organization 1 - Yomi Name,Organization 1 - Title,Organization 1 - Department,Organization 1 - Symbol,Organization 1 - Location,Organization 1 - Job Description,Website 1 - Type,Website 1 - Value
   ,Johnetta,Patti,Annetta,Yomi Name,Given Name Yomi,Additional Name Yomi,Family Name Yomi,Name Prefix,Name Suffix,Initials,Nickname,Short Name,Maiden Name,Birthday,Gender,Location,Billing Information,Directory Server,Mileage,Occupation,Hobby,Sensitivity,Priority,Subject,Notes,Group Membership,E-mail 1 - Type,E-mail 1 - Value,E-mail 2 - Type,E-mail 2 - Value,IM 1 - Type,IM 1 - Service,IM 1 - Value,Work,15,Phone 2 - Type,Phone 2 - Value,Address 1 - Type,Address 1 - Formatted,Address 1 - Street,Address 1 - City,Address 1 - PO Box,Address 1 - Region,Address 1 - Postal Code,Address 1 - Country,Address 1 - Extended Address,Organization 1 - Type,Organization 1 - Name,Organization 1 - Yomi Name,Organization 1 - Title,Organization 1 - Department,Organization 1 - Symbol,Organization 1 - Location,Organization 1 - Job Description,Website 1 - Type,Website 1 - Value
   ,Carlyn,Yee,Carolina,Yomi Name,Given Name Yomi,Additional Name Yomi,Family Name Yomi,Name Prefix,Name Suffix,Initials,Nickname,Short Name,Maiden Name,Birthday,Gender,Location,Billing Information,Directory Server,Mileage,Occupation,Hobby,Sensitivity,Priority,Subject,Notes,Group Membership,E-mail 1 - Type,E-mail 1 - Value,E-mail 2 - Type,E-mail 2 - Value,IM 1 - Type,IM 1 - Service,IM 1 - Value,Work,9580,Phone 2 - Type,Phone 2 - Value,Address 1 - Type,Address 1 - Formatted,Address 1 - Street,Address 1 - City,Address 1 - PO Box,Address 1 - Region,Address 1 - Postal Code,Address 1 - Country,Address 1 - Extended Address,Organization 1 - Type,Organization 1 - Name,Organization 1 - Yomi Name,Organization 1 - Title,Organization 1 - Department,Organization 1 - Symbol,Organization 1 - Location,Organization 1 - Job Description,Website 1 - Type,Website 1 - Value
   ,Valeria,Vickey,Chi,Yomi Name,Given Name Yomi,Additional Name Yomi,Family Name Yomi,Name Prefix,Name Suffix,Initials,Nickname,Short Name,Maiden Name,Birthday,Gender,Location,Billing Information,Directory Server,Mileage,Occupation,Hobby,Sensitivity,Priority,Subject,Notes,Group Membership,E-mail 1 - Type,E-mail 1 - Value,E-mail 2 - Type,E-mail 2 - Value,IM 1 - Type,IM 1 - Service,IM 1 - Value,Mobile,070-367 86768,Phone 2 - Type,Phone 2 - Value,Address 1 - Type,Address 1 - Formatted,Address 1 - Street,Address 1 - City,Address 1 - PO Box,Address 1 - Region,Address 1 - Postal Code,Address 1 - Country,Address 1 - Extended Address,Organization 1 - Type,Organization 1 - Name,Organization 1 - Yomi Name,Organization 1 - Title,Organization 1 - Department,Organization 1 - Symbol,Organization 1 - Location,Organization 1 - Job Description,Website 1 - Type,Website 1 - Value
   ,Georgann,Juliette,Ehtel,Yomi Name,Given Name Yomi,Additional Name Yomi,Family Name Yomi,Name Prefix,Name Suffix,Initials,Nickname,Short Name,Maiden Name,Birthday,Gender,Location,Billing Information,Directory Server,Mileage,Occupation,Hobby,Sensitivity,Priority,Subject,Notes,Group Membership,E-mail 1 - Type,E-mail 1 - Value,E-mail 2 - Type,E-mail 2 - Value,IM 1 - Type,IM 1 - Service,IM 1 - Value,Work,081-71 4953,Phone 2 - Type,Phone 2 - Value,Address 1 - Type,Address 1 - Formatted,Address 1 - Street,Address 1 - City,Address 1 - PO Box,Address 1 - Region,Address 1 - Postal Code,Address 1 - Country,Address 1 - Extended Address,Organization 1 - Type,Organization 1 - Name,Organization 1 - Yomi Name,Organization 1 - Title,Organization 1 - Department,Organization 1 - Symbol,Organization 1 - Location,Organization 1 - Job Description,Website 1 - Type,Website 1 - Value
   ,Melanie,Akiko,Anthony,Yomi Name,Given Name Yomi,Additional Name Yomi,Family Name Yomi,Name Prefix,Name Suffix,Initials,Nickname,Short Name,Maiden Name,Birthday,Gender,Location,Billing Information,Directory Server,Mileage,Occupation,Hobby,Sensitivity,Priority,Subject,Notes,Group Membership,E-mail 1 - Type,E-mail 1 - Value,E-mail 2 - Type,E-mail 2 - Value,IM 1 - Type,IM 1 - Service,IM 1 - Value,Work,029-567 12904,Phone 2 - Type,Phone 2 - Value,Address 1 - Type,Address 1 - Formatted,Address 1 - Street,Address 1 - City,Address 1 - PO Box,Address 1 - Region,Address 1 - Postal Code,Address 1 - Country,Address 1 - Extended Address,Organization 1 - Type,Organization 1 - Name,Organization 1 - Yomi Name,Organization 1 - Title,Organization 1 - Department,Organization 1 - Symbol,Organization 1 - Location,Organization 1 - Job Description,Website 1 - Type,Website 1 - Value
   ,Joanne,Kendal,Sachiko,Yomi Name,Given Name Yomi,Additional Name Yomi,Family Name Yomi,Name Prefix,Name Suffix,Initials,Nickname,Short Name,Maiden Name,Birthday,Gender,Location,Billing Information,Directory Server,Mileage,Occupation,Hobby,Sensitivity,Priority,Subject,Notes,Group Membership,E-mail 1 - Type,E-mail 1 - Value,E-mail 2 - Type,E-mail 2 - Value,IM 1 - Type,IM 1 - Service,IM 1 - Value,Home,029-519 73490,Phone 2 - Type,Phone 2 - Value,Address 1 - Type,Address 1 - Formatted,Address 1 - Street,Address 1 - City,Address 1 - PO Box,Address 1 - Region,Address 1 - Postal Code,Address 1 - Country,Address 1 - Extended Address,Organization 1 - Type,Organization 1 - Name,Organization 1 - Yomi Name,Organization 1 - Title,Organization 1 - Department,Organization 1 - Symbol,Organization 1 - Location,Organization 1 - Job Description,Website 1 - Type,Website 1 - Value
   ,Grisel,Jackeline,Stewart,Yomi Name,Given Name Yomi,Additional Name Yomi,Family Name Yomi,Name Prefix,Name Suffix,Initials,Nickname,Short Name,Maiden Name,Birthday,Gender,Location,Billing Information,Directory Server,Mileage,Occupation,Hobby,Sensitivity,Priority,Subject,Notes,Group Membership,E-mail 1 - Type,E-mail 1 - Value,E-mail 2 - Type,E-mail 2 - Value,IM 1 - Type,IM 1 - Service,IM 1 - Value,Work,060-835 65726,Phone 2 - Type,Phone 2 - Value,Address 1 - Type,Address 1 - Formatted,Address 1 - Street,Address 1 - City,Address 1 - PO Box,Address 1 - Region,Address 1 - Postal Code,Address 1 - Country,Address 1 - Extended Address,Organization 1 - Type,Organization 1 - Name,Organization 1 - Yomi Name,Organization 1 - Title,Organization 1 - Department,Organization 1 - Symbol,Organization 1 - Location,Organization 1 - Job Description,Website 1 - Type,Website 1 - Value
   ,Stefany,Josie,Kasey,Yomi Name,Given Name Yomi,Additional Name Yomi,Family Name Yomi,Name Prefix,Name Suffix,Initials,Nickname,Short Name,Maiden Name,Birthday,Gender,Location,Billing Information,Directory Server,Mileage,Occupation,Hobby,Sensitivity,Priority,Subject,Notes,Group Membership,E-mail 1 - Type,E-mail 1 - Value,E-mail 2 - Type,E-mail 2 - Value,IM 1 - Type,IM 1 - Service,IM 1 - Value,Work,036-633 43157,Phone 2 - Type,Phone 2 - Value,Address 1 - Type,Address 1 - Formatted,Address 1 - Street,Address 1 - City,Address 1 - PO Box,Address 1 - Region,Address 1 - Postal Code,Address 1 - Country,Address 1 - Extended Address,Organization 1 - Type,Organization 1 - Name,Organization 1 - Yomi Name,Organization 1 - Title,Organization 1 - Department,Organization 1 - Symbol,Organization 1 - Location,Organization 1 - Job Description,Website 1 - Type,Website 1 - Value
   ,Ranae,Buddy,Tawny,Yomi Name,Given Name Yomi,Additional Name Yomi,Family Name Yomi,Name Prefix,Name Suffix,Initials,Nickname,Short Name,Maiden Name,Birthday,Gender,Location,Billing Information,Directory Server,Mileage,Occupation,Hobby,Sensitivity,Priority,Subject,Notes,Group Membership,E-mail 1 - Type,E-mail 1 - Value,E-mail 2 - Type,E-mail 2 - Value,IM 1 - Type,IM 1 - Service,IM 1 - Value,Home,046-861 51466,Phone 2 - Type,Phone 2 - Value,Address 1 - Type,Address 1 - Formatted,Address 1 - Street,Address 1 - City,Address 1 - PO Box,Address 1 - Region,Address 1 - Postal Code,Address 1 - Country,Address 1 - Extended Address,Organization 1 - Type,Organization 1 - Name,Organization 1 - Yomi Name,Organization 1 - Title,Organization 1 - Department,Organization 1 - Symbol,Organization 1 - Location,Organization 1 - Job Description,Website 1 - Type,Website 1 - Value
   ,Karine,Sidney,Jaimee,Yomi Name,Given Name Yomi,Additional Name Yomi,Family Name Yomi,Name Prefix,Name Suffix,Initials,Nickname,Short Name,Maiden Name,Birthday,Gender,Location,Billing Information,Directory Server,Mileage,Occupation,Hobby,Sensitivity,Priority,Subject,Notes,Group Membership,E-mail 1 - Type,E-mail 1 - Value,E-mail 2 - Type,E-mail 2 - Value,IM 1 - Type,IM 1 - Service,IM 1 - Value,Home,063-816 10204,Phone 2 - Type,Phone 2 - Value,Address 1 - Type,Address 1 - Formatted,Address 1 - Street,Address 1 - City,Address 1 - PO Box,Address 1 - Region,Address 1 - Postal Code,Address 1 - Country,Address 1 - Extended Address,Organization 1 - Type,Organization 1 - Name,Organization 1 - Yomi Name,Organization 1 - Title,Organization 1 - Department,Organization 1 - Symbol,Organization 1 - Location,Organization 1 - Job Description,Website 1 - Type,Website 1 - Value
   ,Millard,Jerrell,Annamae,Yomi Name,Given Name Yomi,Additional Name Yomi,Family Name Yomi,Name Prefix,Name Suffix,Initials,Nickname,Short Name,Maiden Name,Birthday,Gender,Location,Billing Information,Directory Server,Mileage,Occupation,Hobby,Sensitivity,Priority,Subject,Notes,Group Membership,E-mail 1 - Type,E-mail 1 - Value,E-mail 2 - Type,E-mail 2 - Value,IM 1 - Type,IM 1 - Service,IM 1 - Value,Mobile,077-37 656,Phone 2 - Type,Phone 2 - Value,Address 1 - Type,Address 1 - Formatted,Address 1 - Street,Address 1 - City,Address 1 - PO Box,Address 1 - Region,Address 1 - Postal Code,Address 1 - Country,Address 1 - Extended Address,Organization 1 - Type,Organization 1 - Name,Organization 1 - Yomi Name,Organization 1 - Title,Organization 1 - Department,Organization 1 - Symbol,Organization 1 - Location,Organization 1 - Job Description,Website 1 - Type,Website 1 - Value
   ,Roxann,Junita,Loren,Yomi Name,Given Name Yomi,Additional Name Yomi,Family Name Yomi,Name Prefix,Name Suffix,Initials,Nickname,Short Name,Maiden Name,Birthday,Gender,Location,Billing Information,Directory Server,Mileage,Occupation,Hobby,Sensitivity,Priority,Subject,Notes,Group Membership,E-mail 1 - Type,E-mail 1 - Value,E-mail 2 - Type,E-mail 2 - Value,IM 1 - Type,IM 1 - Service,IM 1 - Value,Mobile,079-227 402,Phone 2 - Type,Phone 2 - Value,Address 1 - Type,Address 1 - Formatted,Address 1 - Street,Address 1 - City,Address 1 - PO Box,Address 1 - Region,Address 1 - Postal Code,Address 1 - Country,Address 1 - Extended Address,Organization 1 - Type,Organization 1 - Name,Organization 1 - Yomi Name,Organization 1 - Title,Organization 1 - Department,Organization 1 - Symbol,Organization 1 - Location,Organization 1 - Job Description,Website 1 - Type,Website 1 - Value
   ,Vernice,Shaneka,Selma,Yomi Name,Given Name Yomi,Additional Name Yomi,Family Name Yomi,Name Prefix,Name Suffix,Initials,Nickname,Short Name,Maiden Name,Birthday,Gender,Location,Billing Information,Directory Server,Mileage,Occupation,Hobby,Sensitivity,Priority,Subject,Notes,Group Membership,E-mail 1 - Type,E-mail 1 - Value,E-mail 2 - Type,E-mail 2 - Value,IM 1 - Type,IM 1 - Service,IM 1 - Value,Home,01-861 315,Phone 2 - Type,Phone 2 - Value,Address 1 - Type,Address 1 - Formatted,Address 1 - Street,Address 1 - City,Address 1 - PO Box,Address 1 - Region,Address 1 - Postal Code,Address 1 - Country,Address 1 - Extended Address,Organization 1 - Type,Organization 1 - Name,Organization 1 - Yomi Name,Organization 1 - Title,Organization 1 - Department,Organization 1 - Symbol,Organization 1 - Location,Organization 1 - Job Description,Website 1 - Type,Website 1 - Value
   ,Lissa,Dalene,Adell,Yomi Name,Given Name Yomi,Additional Name Yomi,Family Name Yomi,Name Prefix,Name Suffix,Initials,Nickname,Short Name,Maiden Name,Birthday,Gender,Location,Billing Information,Directory Server,Mileage,Occupation,Hobby,Sensitivity,Priority,Subject,Notes,Group Membership,E-mail 1 - Type,E-mail 1 - Value,E-mail 2 - Type,E-mail 2 - Value,IM 1 - Type,IM 1 - Service,IM 1 - Value,Work,024-152 52468,Phone 2 - Type,Phone 2 - Value,Address 1 - Type,Address 1 - Formatted,Address 1 - Street,Address 1 - City,Address 1 - PO Box,Address 1 - Region,Address 1 - Postal Code,Address 1 - Country,Address 1 - Extended Address,Organization 1 - Type,Organization 1 - Name,Organization 1 - Yomi Name,Organization 1 - Title,Organization 1 - Department,Organization 1 - Symbol,Organization 1 - Location,Organization 1 - Job Description,Website 1 - Type,Website 1 - Value
   ,Brittanie,Foster,Minh,Yomi Name,Given Name Yomi,Additional Name Yomi,Family Name Yomi,Name Prefix,Name Suffix,Initials,Nickname,Short Name,Maiden Name,Birthday,Gender,Location,Billing Information,Directory Server,Mileage,Occupation,Hobby,Sensitivity,Priority,Subject,Notes,Group Membership,E-mail 1 - Type,E-mail 1 - Value,E-mail 2 - Type,E-mail 2 - Value,IM 1 - Type,IM 1 - Service,IM 1 - Value,Mobile,011-638 51255,Phone 2 - Type,Phone 2 - Value,Address 1 - Type,Address 1 - Formatted,Address 1 - Street,Address 1 - City,Address 1 - PO Box,Address 1 - Region,Address 1 - Postal Code,Address 1 - Country,Address 1 - Extended Address,Organization 1 - Type,Organization 1 - Name,Organization 1 - Yomi Name,Organization 1 - Title,Organization 1 - Department,Organization 1 - Symbol,Organization 1 - Location,Organization 1 - Job Description,Website 1 - Type,Website 1 - Value
   ,Kristine,Stefan,Riva,Yomi Name,Given Name Yomi,Additional Name Yomi,Family Name Yomi,Name Prefix,Name Suffix,Initials,Nickname,Short Name,Maiden Name,Birthday,Gender,Location,Billing Information,Directory Server,Mileage,Occupation,Hobby,Sensitivity,Priority,Subject,Notes,Group Membership,E-mail 1 - Type,E-mail 1 - Value,E-mail 2 - Type,E-mail 2 - Value,IM 1 - Type,IM 1 - Service,IM 1 - Value,Mobile,055-32 2200,Phone 2 - Type,Phone 2 - Value,Address 1 - Type,Address 1 - Formatted,Address 1 - Street,Address 1 - City,Address 1 - PO Box,Address 1 - Region,Address 1 - Postal Code,Address 1 - Country,Address 1 - Extended Address,Organization 1 - Type,Organization 1 - Name,Organization 1 - Yomi Name,Organization 1 - Title,Organization 1 - Department,Organization 1 - Symbol,Organization 1 - Location,Organization 1 - Job Description,Website 1 - Type,Website 1 - Value
   ,Thelma,Criselda,Stewart,Yomi Name,Given Name Yomi,Additional Name Yomi,Family Name Yomi,Name Prefix,Name Suffix,Initials,Nickname,Short Name,Maiden Name,Birthday,Gender,Location,Billing Information,Directory Server,Mileage,Occupation,Hobby,Sensitivity,Priority,Subject,Notes,Group Membership,E-mail 1 - Type,E-mail 1 - Value,E-mail 2 - Type,E-mail 2 - Value,IM 1 - Type,IM 1 - Service,IM 1 - Value,Home,01-753 2907,Phone 2 - Type,Phone 2 - Value,Address 1 - Type,Address 1 - Formatted,Address 1 - Street,Address 1 - City,Address 1 - PO Box,Address 1 - Region,Address 1 - Postal Code,Address 1 - Country,Address 1 - Extended Address,Organization 1 - Type,Organization 1 - Name,Organization 1 - Yomi Name,Organization 1 - Title,Organization 1 - Department,Organization 1 - Symbol,Organization 1 - Location,Organization 1 - Job Description,Website 1 - Type,Website 1 - Value
   ,Holli,Julianne,Stewart,Yomi Name,Given Name Yomi,Additional Name Yomi,Family Name Yomi,Name Prefix,Name Suffix,Initials,Nickname,Short Name,Maiden Name,Birthday,Gender,Location,Billing Information,Directory Server,Mileage,Occupation,Hobby,Sensitivity,Priority,Subject,Notes,Group Membership,E-mail 1 - Type,E-mail 1 - Value,E-mail 2 - Type,E-mail 2 - Value,IM 1 - Type,IM 1 - Service,IM 1 - Value,Work,067-760 19914,Phone 2 - Type,Phone 2 - Value,Address 1 - Type,Address 1 - Formatted,Address 1 - Street,Address 1 - City,Address 1 - PO Box,Address 1 - Region,Address 1 - Postal Code,Address 1 - Country,Address 1 - Extended Address,Organization 1 - Type,Organization 1 - Name,Organization 1 - Yomi Name,Organization 1 - Title,Organization 1 - Department,Organization 1 - Symbol,Organization 1 - Location,Organization 1 - Job Description,Website 1 - Type,Website 1 - Value
   ,Antonia,Fay,Russ,Yomi Name,Given Name Yomi,Additional Name Yomi,Family Name Yomi,Name Prefix,Name Suffix,Initials,Nickname,Short Name,Maiden Name,Birthday,Gender,Location,Billing Information,Directory Server,Mileage,Occupation,Hobby,Sensitivity,Priority,Subject,Notes,Group Membership,E-mail 1 - Type,E-mail 1 - Value,E-mail 2 - Type,E-mail 2 - Value,IM 1 - Type,IM 1 - Service,IM 1 - Value,Mobile,02-788 2541,Phone 2 - Type,Phone 2 - Value,Address 1 - Type,Address 1 - Formatted,Address 1 - Street,Address 1 - City,Address 1 - PO Box,Address 1 - Region,Address 1 - Postal Code,Address 1 - Country,Address 1 - Extended Address,Organization 1 - Type,Organization 1 - Name,Organization 1 - Yomi Name,Organization 1 - Title,Organization 1 - Department,Organization 1 - Symbol,Organization 1 - Location,Organization 1 - Job Description,Website 1 - Type,Website 1 - Value
   ,Abdul,Lauran,Susann,Yomi Name,Given Name Yomi,Additional Name Yomi,Family Name Yomi,Name Prefix,Name Suffix,Initials,Nickname,Short Name,Maiden Name,Birthday,Gender,Location,Billing Information,Directory Server,Mileage,Occupation,Hobby,Sensitivity,Priority,Subject,Notes,Group Membership,E-mail 1 - Type,E-mail 1 - Value,E-mail 2 - Type,E-mail 2 - Value,IM 1 - Type,IM 1 - Service,IM 1 - Value,Mobile,094-329 18485,Phone 2 - Type,Phone 2 - Value,Address 1 - Type,Address 1 - Formatted,Address 1 - Street,Address 1 - City,Address 1 - PO Box,Address 1 - Region,Address 1 - Postal Code,Address 1 - Country,Address 1 - Extended Address,Organization 1 - Type,Organization 1 - Name,Organization 1 - Yomi Name,Organization 1 - Title,Organization 1 - Department,Organization 1 - Symbol,Organization 1 - Location,Organization 1 - Job Description,Website 1 - Type,Website 1 - Value
   ,Sol,Britt,Devorah,Yomi Name,Given Name Yomi,Additional Name Yomi,Family Name Yomi,Name Prefix,Name Suffix,Initials,Nickname,Short Name,Maiden Name,Birthday,Gender,Location,Billing Information,Directory Server,Mileage,Occupation,Hobby,Sensitivity,Priority,Subject,Notes,Group Membership,E-mail 1 - Type,E-mail 1 - Value,E-mail 2 - Type,E-mail 2 - Value,IM 1 - Type,IM 1 - Service,IM 1 - Value,Mobile,055-91 63,Phone 2 - Type,Phone 2 - Value,Address 1 - Type,Address 1 - Formatted,Address 1 - Street,Address 1 - City,Address 1 - PO Box,Address 1 - Region,Address 1 - Postal Code,Address 1 - Country,Address 1 - Extended Address,Organization 1 - Type,Organization 1 - Name,Organization 1 - Yomi Name,Organization 1 - Title,Organization 1 - Department,Organization 1 - Symbol,Organization 1 - Location,Organization 1 - Job Description,Website 1 - Type,Website 1 - Value
   ,Exie,Jenni,Georgianna,Yomi Name,Given Name Yomi,Additional Name Yomi,Family Name Yomi,Name Prefix,Name Suffix,Initials,Nickname,Short Name,Maiden Name,Birthday,Gender,Location,Billing Information,Directory Server,Mileage,Occupation,Hobby,Sensitivity,Priority,Subject,Notes,Group Membership,E-mail 1 - Type,E-mail 1 - Value,E-mail 2 - Type,E-mail 2 - Value,IM 1 - Type,IM 1 - Service,IM 1 - Value,Mobile,098-941 38314,Phone 2 - Type,Phone 2 - Value,Address 1 - Type,Address 1 - Formatted,Address 1 - Street,Address 1 - City,Address 1 - PO Box,Address 1 - Region,Address 1 - Postal Code,Address 1 - Country,Address 1 - Extended Address,Organization 1 - Type,Organization 1 - Name,Organization 1 - Yomi Name,Organization 1 - Title,Organization 1 - Department,Organization 1 - Symbol,Organization 1 - Location,Organization 1 - Job Description,Website 1 - Type,Website 1 - Value
   ,Makeda,Venita,Shirley,Yomi Name,Given Name Yomi,Additional Name Yomi,Family Name Yomi,Name Prefix,Name Suffix,Initials,Nickname,Short Name,Maiden Name,Birthday,Gender,Location,Billing Information,Directory Server,Mileage,Occupation,Hobby,Sensitivity,Priority,Subject,Notes,Group Membership,E-mail 1 - Type,E-mail 1 - Value,E-mail 2 - Type,E-mail 2 - Value,IM 1 - Type,IM 1 - Service,IM 1 - Value,Mobile,049-72 8805,Phone 2 - Type,Phone 2 - Value,Address 1 - Type,Address 1 - Formatted,Address 1 - Street,Address 1 - City,Address 1 - PO Box,Address 1 - Region,Address 1 - Postal Code,Address 1 - Country,Address 1 - Extended Address,Organization 1 - Type,Organization 1 - Name,Organization 1 - Yomi Name,Organization 1 - Title,Organization 1 - Department,Organization 1 - Symbol,Organization 1 - Location,Organization 1 - Job Description,Website 1 - Type,Website 1 - Value
   ,Phylis,Joline,Maryetta,Yomi Name,Given Name Yomi,Additional Name Yomi,Family Name Yomi,Name Prefix,Name Suffix,Initials,Nickname,Short Name,Maiden Name,Birthday,Gender,Location,Billing Information,Directory Server,Mileage,Occupation,Hobby,Sensitivity,Priority,Subject,Notes,Group Membership,E-mail 1 - Type,E-mail 1 - Value,E-mail 2 - Type,E-mail 2 - Value,IM 1 - Type,IM 1 - Service,IM 1 - Value,Work,049-675 89784,Phone 2 - Type,Phone 2 - Value,Address 1 - Type,Address 1 - Formatted,Address 1 - Street,Address 1 - City,Address 1 - PO Box,Address 1 - Region,Address 1 - Postal Code,Address 1 - Country,Address 1 - Extended Address,Organization 1 - Type,Organization 1 - Name,Organization 1 - Yomi Name,Organization 1 - Title,Organization 1 - Department,Organization 1 - Symbol,Organization 1 - Location,Organization 1 - Job Description,Website 1 - Type,Website 1 - Value
   ,Elenora,Cassi,Bill,Yomi Name,Given Name Yomi,Additional Name Yomi,Family Name Yomi,Name Prefix,Name Suffix,Initials,Nickname,Short Name,Maiden Name,Birthday,Gender,Location,Billing Information,Directory Server,Mileage,Occupation,Hobby,Sensitivity,Priority,Subject,Notes,Group Membership,E-mail 1 - Type,E-mail 1 - Value,E-mail 2 - Type,E-mail 2 - Value,IM 1 - Type,IM 1 - Service,IM 1 - Value,Home,048-352 76431,Phone 2 - Type,Phone 2 - Value,Address 1 - Type,Address 1 - Formatted,Address 1 - Street,Address 1 - City,Address 1 - PO Box,Address 1 - Region,Address 1 - Postal Code,Address 1 - Country,Address 1 - Extended Address,Organization 1 - Type,Organization 1 - Name,Organization 1 - Yomi Name,Organization 1 - Title,Organization 1 - Department,Organization 1 - Symbol,Organization 1 - Location,Organization 1 - Job Description,Website 1 - Type,Website 1 - Value
   ,Donya,Somer,Rudolph,Yomi Name,Given Name Yomi,Additional Name Yomi,Family Name Yomi,Name Prefix,Name Suffix,Initials,Nickname,Short Name,Maiden Name,Birthday,Gender,Location,Billing Information,Directory Server,Mileage,Occupation,Hobby,Sensitivity,Priority,Subject,Notes,Group Membership,E-mail 1 - Type,E-mail 1 - Value,E-mail 2 - Type,E-mail 2 - Value,IM 1 - Type,IM 1 - Service,IM 1 - Value,Work,075-838 580,Phone 2 - Type,Phone 2 - Value,Address 1 - Type,Address 1 - Formatted,Address 1 - Street,Address 1 - City,Address 1 - PO Box,Address 1 - Region,Address 1 - Postal Code,Address 1 - Country,Address 1 - Extended Address,Organization 1 - Type,Organization 1 - Name,Organization 1 - Yomi Name,Organization 1 - Title,Organization 1 - Department,Organization 1 - Symbol,Organization 1 - Location,Organization 1 - Job Description,Website 1 - Type,Website 1 - Value
   ,Carl,Rosalee,Kai,Yomi Name,Given Name Yomi,Additional Name Yomi,Family Name Yomi,Name Prefix,Name Suffix,Initials,Nickname,Short Name,Maiden Name,Birthday,Gender,Location,Billing Information,Directory Server,Mileage,Occupation,Hobby,Sensitivity,Priority,Subject,Notes,Group Membership,E-mail 1 - Type,E-mail 1 - Value,E-mail 2 - Type,E-mail 2 - Value,IM 1 - Type,IM 1 - Service,IM 1 - Value,Mobile,063-72 6722,Phone 2 - Type,Phone 2 - Value,Address 1 - Type,Address 1 - Formatted,Address 1 - Street,Address 1 - City,Address 1 - PO Box,Address 1 - Region,Address 1 - Postal Code,Address 1 - Country,Address 1 - Extended Address,Organization 1 - Type,Organization 1 - Name,Organization 1 - Yomi Name,Organization 1 - Title,Organization 1 - Department,Organization 1 - Symbol,Organization 1 - Location,Organization 1 - Job Description,Website 1 - Type,Website 1 - Value
   ,Luba,Inell,Eleni,Yomi Name,Given Name Yomi,Additional Name Yomi,Family Name Yomi,Name Prefix,Name Suffix,Initials,Nickname,Short Name,Maiden Name,Birthday,Gender,Location,Billing Information,Directory Server,Mileage,Occupation,Hobby,Sensitivity,Priority,Subject,Notes,Group Membership,E-mail 1 - Type,E-mail 1 - Value,E-mail 2 - Type,E-mail 2 - Value,IM 1 - Type,IM 1 - Service,IM 1 - Value,Home,059-683 69616,Phone 2 - Type,Phone 2 - Value,Address 1 - Type,Address 1 - Formatted,Address 1 - Street,Address 1 - City,Address 1 - PO Box,Address 1 - Region,Address 1 - Postal Code,Address 1 - Country,Address 1 - Extended Address,Organization 1 - Type,Organization 1 - Name,Organization 1 - Yomi Name,Organization 1 - Title,Organization 1 - Department,Organization 1 - Symbol,Organization 1 - Location,Organization 1 - Job Description,Website 1 - Type,Website 1 - Value
   ,Suzann,Dante,Ona,Yomi Name,Given Name Yomi,Additional Name Yomi,Family Name Yomi,Name Prefix,Name Suffix,Initials,Nickname,Short Name,Maiden Name,Birthday,Gender,Location,Billing Information,Directory Server,Mileage,Occupation,Hobby,Sensitivity,Priority,Subject,Notes,Group Membership,E-mail 1 - Type,E-mail 1 - Value,E-mail 2 - Type,E-mail 2 - Value,IM 1 - Type,IM 1 - Service,IM 1 - Value,Mobile,067-646 98470,Phone 2 - Type,Phone 2 - Value,Address 1 - Type,Address 1 - Formatted,Address 1 - Street,Address 1 - City,Address 1 - PO Box,Address 1 - Region,Address 1 - Postal Code,Address 1 - Country,Address 1 - Extended Address,Organization 1 - Type,Organization 1 - Name,Organization 1 - Yomi Name,Organization 1 - Title,Organization 1 - Department,Organization 1 - Symbol,Organization 1 - Location,Organization 1 - Job Description,Website 1 - Type,Website 1 - Value
   ,Lacie,Grisel,Cecily,Yomi Name,Given Name Yomi,Additional Name Yomi,Family Name Yomi,Name Prefix,Name Suffix,Initials,Nickname,Short Name,Maiden Name,Birthday,Gender,Location,Billing Information,Directory Server,Mileage,Occupation,Hobby,Sensitivity,Priority,Subject,Notes,Group Membership,E-mail 1 - Type,E-mail 1 - Value,E-mail 2 - Type,E-mail 2 - Value,IM 1 - Type,IM 1 - Service,IM 1 - Value,Mobile,040-156 56917,Phone 2 - Type,Phone 2 - Value,Address 1 - Type,Address 1 - Formatted,Address 1 - Street,Address 1 - City,Address 1 - PO Box,Address 1 - Region,Address 1 - Postal Code,Address 1 - Country,Address 1 - Extended Address,Organization 1 - Type,Organization 1 - Name,Organization 1 - Yomi Name,Organization 1 - Title,Organization 1 - Department,Organization 1 - Symbol,Organization 1 - Location,Organization 1 - Job Description,Website 1 - Type,Website 1 - Value
   ,Lera,Alix,Edwardo,Yomi Name,Given Name Yomi,Additional Name Yomi,Family Name Yomi,Name Prefix,Name Suffix,Initials,Nickname,Short Name,Maiden Name,Birthday,Gender,Location,Billing Information,Directory Server,Mileage,Occupation,Hobby,Sensitivity,Priority,Subject,Notes,Group Membership,E-mail 1 - Type,E-mail 1 - Value,E-mail 2 - Type,E-mail 2 - Value,IM 1 - Type,IM 1 - Service,IM 1 - Value,Home,014-42 6809,Phone 2 - Type,Phone 2 - Value,Address 1 - Type,Address 1 - Formatted,Address 1 - Street,Address 1 - City,Address 1 - PO Box,Address 1 - Region,Address 1 - Postal Code,Address 1 - Country,Address 1 - Extended Address,Organization 1 - Type,Organization 1 - Name,Organization 1 - Yomi Name,Organization 1 - Title,Organization 1 - Department,Organization 1 - Symbol,Organization 1 - Location,Organization 1 - Job Description,Website 1 - Type,Website 1 - Value
   ,Jerica,Jerold,Nestor,Yomi Name,Given Name Yomi,Additional Name Yomi,Family Name Yomi,Name Prefix,Name Suffix,Initials,Nickname,Short Name,Maiden Name,Birthday,Gender,Location,Billing Information,Directory Server,Mileage,Occupation,Hobby,Sensitivity,Priority,Subject,Notes,Group Membership,E-mail 1 - Type,E-mail 1 - Value,E-mail 2 - Type,E-mail 2 - Value,IM 1 - Type,IM 1 - Service,IM 1 - Value,Work,022-133 10694,Phone 2 - Type,Phone 2 - Value,Address 1 - Type,Address 1 - Formatted,Address 1 - Street,Address 1 - City,Address 1 - PO Box,Address 1 - Region,Address 1 - Postal Code,Address 1 - Country,Address 1 - Extended Address,Organization 1 - Type,Organization 1 - Name,Organization 1 - Yomi Name,Organization 1 - Title,Organization 1 - Department,Organization 1 - Symbol,Organization 1 - Location,Organization 1 - Job Description,Website 1 - Type,Website 1 - Value
   ,Zada,Thelma,Lucinda,Yomi Name,Given Name Yomi,Additional Name Yomi,Family Name Yomi,Name Prefix,Name Suffix,Initials,Nickname,Short Name,Maiden Name,Birthday,Gender,Location,Billing Information,Directory Server,Mileage,Occupation,Hobby,Sensitivity,Priority,Subject,Notes,Group Membership,E-mail 1 - Type,E-mail 1 - Value,E-mail 2 - Type,E-mail 2 - Value,IM 1 - Type,IM 1 - Service,IM 1 - Value,Work,022-411 97017,Phone 2 - Type,Phone 2 - Value,Address 1 - Type,Address 1 - Formatted,Address 1 - Street,Address 1 - City,Address 1 - PO Box,Address 1 - Region,Address 1 - Postal Code,Address 1 - Country,Address 1 - Extended Address,Organization 1 - Type,Organization 1 - Name,Organization 1 - Yomi Name,Organization 1 - Title,Organization 1 - Department,Organization 1 - Symbol,Organization 1 - Location,Organization 1 - Job Description,Website 1 - Type,Website 1 - Value
   ,Juan,Shari,Moon,Yomi Name,Given Name Yomi,Additional Name Yomi,Family Name Yomi,Name Prefix,Name Suffix,Initials,Nickname,Short Name,Maiden Name,Birthday,Gender,Location,Billing Information,Directory Server,Mileage,Occupation,Hobby,Sensitivity,Priority,Subject,Notes,Group Membership,E-mail 1 - Type,E-mail 1 - Value,E-mail 2 - Type,E-mail 2 - Value,IM 1 - Type,IM 1 - Service,IM 1 - Value,Home,083-916 70261,Phone 2 - Type,Phone 2 - Value,Address 1 - Type,Address 1 - Formatted,Address 1 - Street,Address 1 - City,Address 1 - PO Box,Address 1 - Region,Address 1 - Postal Code,Address 1 - Country,Address 1 - Extended Address,Organization 1 - Type,Organization 1 - Name,Organization 1 - Yomi Name,Organization 1 - Title,Organization 1 - Department,Organization 1 - Symbol,Organization 1 - Location,Organization 1 - Job Description,Website 1 - Type,Website 1 - Value
   ,Chara,Mica,Tierra,Yomi Name,Given Name Yomi,Additional Name Yomi,Family Name Yomi,Name Prefix,Name Suffix,Initials,Nickname,Short Name,Maiden Name,Birthday,Gender,Location,Billing Information,Directory Server,Mileage,Occupation,Hobby,Sensitivity,Priority,Subject,Notes,Group Membership,E-mail 1 - Type,E-mail 1 - Value,E-mail 2 - Type,E-mail 2 - Value,IM 1 - Type,IM 1 - Service,IM 1 - Value,Mobile,053-359 47371,Phone 2 - Type,Phone 2 - Value,Address 1 - Type,Address 1 - Formatted,Address 1 - Street,Address 1 - City,Address 1 - PO Box,Address 1 - Region,Address 1 - Postal Code,Address 1 - Country,Address 1 - Extended Address,Organization 1 - Type,Organization 1 - Name,Organization 1 - Yomi Name,Organization 1 - Title,Organization 1 - Department,Organization 1 - Symbol,Organization 1 - Location,Organization 1 - Job Description,Website 1 - Type,Website 1 - Value
   ,Kerry,Ina,Andrew,Yomi Name,Given Name Yomi,Additional Name Yomi,Family Name Yomi,Name Prefix,Name Suffix,Initials,Nickname,Short Name,Maiden Name,Birthday,Gender,Location,Billing Information,Directory Server,Mileage,Occupation,Hobby,Sensitivity,Priority,Subject,Notes,Group Membership,E-mail 1 - Type,E-mail 1 - Value,E-mail 2 - Type,E-mail 2 - Value,IM 1 - Type,IM 1 - Service,IM 1 - Value,Mobile,066-579 18547,Phone 2 - Type,Phone 2 - Value,Address 1 - Type,Address 1 - Formatted,Address 1 - Street,Address 1 - City,Address 1 - PO Box,Address 1 - Region,Address 1 - Postal Code,Address 1 - Country,Address 1 - Extended Address,Organization 1 - Type,Organization 1 - Name,Organization 1 - Yomi Name,Organization 1 - Title,Organization 1 - Department,Organization 1 - Symbol,Organization 1 - Location,Organization 1 - Job Description,Website 1 - Type,Website 1 - Value
   ,Granville,Simonne,Sergio,Yomi Name,Given Name Yomi,Additional Name Yomi,Family Name Yomi,Name Prefix,Name Suffix,Initials,Nickname,Short Name,Maiden Name,Birthday,Gender,Location,Billing Information,Directory Server,Mileage,Occupation,Hobby,Sensitivity,Priority,Subject,Notes,Group Membership,E-mail 1 - Type,E-mail 1 - Value,E-mail 2 - Type,E-mail 2 - Value,IM 1 - Type,IM 1 - Service,IM 1 - Value,Work,035-677 75446,Phone 2 - Type,Phone 2 - Value,Address 1 - Type,Address 1 - Formatted,Address 1 - Street,Address 1 - City,Address 1 - PO Box,Address 1 - Region,Address 1 - Postal Code,Address 1 - Country,Address 1 - Extended Address,Organization 1 - Type,Organization 1 - Name,Organization 1 - Yomi Name,Organization 1 - Title,Organization 1 - Department,Organization 1 - Symbol,Organization 1 - Location,Organization 1 - Job Description,Website 1 - Type,Website 1 - Value
   ,Rebecca,Wanetta,Conchita,Yomi Name,Given Name Yomi,Additional Name Yomi,Family Name Yomi,Name Prefix,Name Suffix,Initials,Nickname,Short Name,Maiden Name,Birthday,Gender,Location,Billing Information,Directory Server,Mileage,Occupation,Hobby,Sensitivity,Priority,Subject,Notes,Group Membership,E-mail 1 - Type,E-mail 1 - Value,E-mail 2 - Type,E-mail 2 - Value,IM 1 - Type,IM 1 - Service,IM 1 - Value,Mobile,043-263 67961,Phone 2 - Type,Phone 2 - Value,Address 1 - Type,Address 1 - Formatted,Address 1 - Street,Address 1 - City,Address 1 - PO Box,Address 1 - Region,Address 1 - Postal Code,Address 1 - Country,Address 1 - Extended Address,Organization 1 - Type,Organization 1 - Name,Organization 1 - Yomi Name,Organization 1 - Title,Organization 1 - Department,Organization 1 - Symbol,Organization 1 - Location,Organization 1 - Job Description,Website 1 - Type,Website 1 - Value
   ,Dennis,Markita,Coralee,Yomi Name,Given Name Yomi,Additional Name Yomi,Family Name Yomi,Name Prefix,Name Suffix,Initials,Nickname,Short Name,Maiden Name,Birthday,Gender,Location,Billing Information,Directory Server,Mileage,Occupation,Hobby,Sensitivity,Priority,Subject,Notes,Group Membership,E-mail 1 - Type,E-mail 1 - Value,E-mail 2 - Type,E-mail 2 - Value,IM 1 - Type,IM 1 - Service,IM 1 - Value,Work,037-353 87100,Phone 2 - Type,Phone 2 - Value,Address 1 - Type,Address 1 - Formatted,Address 1 - Street,Address 1 - City,Address 1 - PO Box,Address 1 - Region,Address 1 - Postal Code,Address 1 - Country,Address 1 - Extended Address,Organization 1 - Type,Organization 1 - Name,Organization 1 - Yomi Name,Organization 1 - Title,Organization 1 - Department,Organization 1 - Symbol,Organization 1 - Location,Organization 1 - Job Description,Website 1 - Type,Website 1 - Value
   ,Marquerite,Trang,Hunter,Yomi Name,Given Name Yomi,Additional Name Yomi,Family Name Yomi,Name Prefix,Name Suffix,Initials,Nickname,Short Name,Maiden Name,Birthday,Gender,Location,Billing Information,Directory Server,Mileage,Occupation,Hobby,Sensitivity,Priority,Subject,Notes,Group Membership,E-mail 1 - Type,E-mail 1 - Value,E-mail 2 - Type,E-mail 2 - Value,IM 1 - Type,IM 1 - Service,IM 1 - Value,Home,048-808 18222,Phone 2 - Type,Phone 2 - Value,Address 1 - Type,Address 1 - Formatted,Address 1 - Street,Address 1 - City,Address 1 - PO Box,Address 1 - Region,Address 1 - Postal Code,Address 1 - Country,Address 1 - Extended Address,Organization 1 - Type,Organization 1 - Name,Organization 1 - Yomi Name,Organization 1 - Title,Organization 1 - Department,Organization 1 - Symbol,Organization 1 - Location,Organization 1 - Job Description,Website 1 - Type,Website 1 - Value
   ,Keren,Mui,Willa,Yomi Name,Given Name Yomi,Additional Name Yomi,Family Name Yomi,Name Prefix,Name Suffix,Initials,Nickname,Short Name,Maiden Name,Birthday,Gender,Location,Billing Information,Directory Server,Mileage,Occupation,Hobby,Sensitivity,Priority,Subject,Notes,Group Membership,E-mail 1 - Type,E-mail 1 - Value,E-mail 2 - Type,E-mail 2 - Value,IM 1 - Type,IM 1 - Service,IM 1 - Value,Home,085-37 7228,Phone 2 - Type,Phone 2 - Value,Address 1 - Type,Address 1 - Formatted,Address 1 - Street,Address 1 - City,Address 1 - PO Box,Address 1 - Region,Address 1 - Postal Code,Address 1 - Country,Address 1 - Extended Address,Organization 1 - Type,Organization 1 - Name,Organization 1 - Yomi Name,Organization 1 - Title,Organization 1 - Department,Organization 1 - Symbol,Organization 1 - Location,Organization 1 - Job Description,Website 1 - Type,Website 1 - Value
   ,Clemmie,Contessa,Ladonna,Yomi Name,Given Name Yomi,Additional Name Yomi,Family Name Yomi,Name Prefix,Name Suffix,Initials,Nickname,Short Name,Maiden Name,Birthday,Gender,Location,Billing Information,Directory Server,Mileage,Occupation,Hobby,Sensitivity,Priority,Subject,Notes,Group Membership,E-mail 1 - Type,E-mail 1 - Value,E-mail 2 - Type,E-mail 2 - Value,IM 1 - Type,IM 1 - Service,IM 1 - Value,Mobile,044-159 76098,Phone 2 - Type,Phone 2 - Value,Address 1 - Type,Address 1 - Formatted,Address 1 - Street,Address 1 - City,Address 1 - PO Box,Address 1 - Region,Address 1 - Postal Code,Address 1 - Country,Address 1 - Extended Address,Organization 1 - Type,Organization 1 - Name,Organization 1 - Yomi Name,Organization 1 - Title,Organization 1 - Department,Organization 1 - Symbol,Organization 1 - Location,Organization 1 - Job Description,Website 1 - Type,Website 1 - Value
   ,Hilton,Rosaline,Dortha,Yomi Name,Given Name Yomi,Additional Name Yomi,Family Name Yomi,Name Prefix,Name Suffix,Initials,Nickname,Short Name,Maiden Name,Birthday,Gender,Location,Billing Information,Directory Server,Mileage,Occupation,Hobby,Sensitivity,Priority,Subject,Notes,Group Membership,E-mail 1 - Type,E-mail 1 - Value,E-mail 2 - Type,E-mail 2 - Value,IM 1 - Type,IM 1 - Service,IM 1 - Value,Work,087-305 31008,Phone 2 - Type,Phone 2 - Value,Address 1 - Type,Address 1 - Formatted,Address 1 - Street,Address 1 - City,Address 1 - PO Box,Address 1 - Region,Address 1 - Postal Code,Address 1 - Country,Address 1 - Extended Address,Organization 1 - Type,Organization 1 - Name,Organization 1 - Yomi Name,Organization 1 - Title,Organization 1 - Department,Organization 1 - Symbol,Organization 1 - Location,Organization 1 - Job Description,Website 1 - Type,Website 1 - Value
   ,Annemarie,Neely,Janene,Yomi Name,Given Name Yomi,Additional Name Yomi,Family Name Yomi,Name Prefix,Name Suffix,Initials,Nickname,Short Name,Maiden Name,Birthday,Gender,Location,Billing Information,Directory Server,Mileage,Occupation,Hobby,Sensitivity,Priority,Subject,Notes,Group Membership,E-mail 1 - Type,E-mail 1 - Value,E-mail 2 - Type,E-mail 2 - Value,IM 1 - Type,IM 1 - Service,IM 1 - Value,Work,044-103 43481,Phone 2 - Type,Phone 2 - Value,Address 1 - Type,Address 1 - Formatted,Address 1 - Street,Address 1 - City,Address 1 - PO Box,Address 1 - Region,Address 1 - Postal Code,Address 1 - Country,Address 1 - Extended Address,Organization 1 - Type,Organization 1 - Name,Organization 1 - Yomi Name,Organization 1 - Title,Organization 1 - Department,Organization 1 - Symbol,Organization 1 - Location,Organization 1 - Job Description,Website 1 - Type,Website 1 - Value
   ,Latarsha,Cheryll,Rosendo,Yomi Name,Given Name Yomi,Additional Name Yomi,Family Name Yomi,Name Prefix,Name Suffix,Initials,Nickname,Short Name,Maiden Name,Birthday,Gender,Location,Billing Information,Directory Server,Mileage,Occupation,Hobby,Sensitivity,Priority,Subject,Notes,Group Membership,E-mail 1 - Type,E-mail 1 - Value,E-mail 2 - Type,E-mail 2 - Value,IM 1 - Type,IM 1 - Service,IM 1 - Value,Work,046-201 53236,Phone 2 - Type,Phone 2 - Value,Address 1 - Type,Address 1 - Formatted,Address 1 - Street,Address 1 - City,Address 1 - PO Box,Address 1 - Region,Address 1 - Postal Code,Address 1 - Country,Address 1 - Extended Address,Organization 1 - Type,Organization 1 - Name,Organization 1 - Yomi Name,Organization 1 - Title,Organization 1 - Department,Organization 1 - Symbol,Organization 1 - Location,Organization 1 - Job Description,Website 1 - Type,Website 1 - Value
   ,Tressie,Beau,Edmund,Yomi Name,Given Name Yomi,Additional Name Yomi,Family Name Yomi,Name Prefix,Name Suffix,Initials,Nickname,Short Name,Maiden Name,Birthday,Gender,Location,Billing Information,Directory Server,Mileage,Occupation,Hobby,Sensitivity,Priority,Subject,Notes,Group Membership,E-mail 1 - Type,E-mail 1 - Value,E-mail 2 - Type,E-mail 2 - Value,IM 1 - Type,IM 1 - Service,IM 1 - Value,Home,056-220 66313,Phone 2 - Type,Phone 2 - Value,Address 1 - Type,Address 1 - Formatted,Address 1 - Street,Address 1 - City,Address 1 - PO Box,Address 1 - Region,Address 1 - Postal Code,Address 1 - Country,Address 1 - Extended Address,Organization 1 - Type,Organization 1 - Name,Organization 1 - Yomi Name,Organization 1 - Title,Organization 1 - Department,Organization 1 - Symbol,Organization 1 - Location,Organization 1 - Job Description,Website 1 - Type,Website 1 - Value
   ,Numbers,Hugh,Francine,Yomi Name,Given Name Yomi,Additional Name Yomi,Family Name Yomi,Name Prefix,Name Suffix,Initials,Nickname,Short Name,Maiden Name,Birthday,Gender,Location,Billing Information,Directory Server,Mileage,Occupation,Hobby,Sensitivity,Priority,Subject,Notes,Group Membership,E-mail 1 - Type,E-mail 1 - Value,E-mail 2 - Type,E-mail 2 - Value,IM 1 - Type,IM 1 - Service,IM 1 - Value,Work,010-216 29511,Phone 2 - Type,Phone 2 - Value,Address 1 - Type,Address 1 - Formatted,Address 1 - Street,Address 1 - City,Address 1 - PO Box,Address 1 - Region,Address 1 - Postal Code,Address 1 - Country,Address 1 - Extended Address,Organization 1 - Type,Organization 1 - Name,Organization 1 - Yomi Name,Organization 1 - Title,Organization 1 - Department,Organization 1 - Symbol,Organization 1 - Location,Organization 1 - Job Description,Website 1 - Type,Website 1 - Value
   ,Breana,Suzanne,Gloria,Yomi Name,Given Name Yomi,Additional Name Yomi,Family Name Yomi,Name Prefix,Name Suffix,Initials,Nickname,Short Name,Maiden Name,Birthday,Gender,Location,Billing Information,Directory Server,Mileage,Occupation,Hobby,Sensitivity,Priority,Subject,Notes,Group Membership,E-mail 1 - Type,E-mail 1 - Value,E-mail 2 - Type,E-mail 2 - Value,IM 1 - Type,IM 1 - Service,IM 1 - Value,Home,092-181 103,Phone 2 - Type,Phone 2 - Value,Address 1 - Type,Address 1 - Formatted,Address 1 - Street,Address 1 - City,Address 1 - PO Box,Address 1 - Region,Address 1 - Postal Code,Address 1 - Country,Address 1 - Extended Address,Organization 1 - Type,Organization 1 - Name,Organization 1 - Yomi Name,Organization 1 - Title,Organization 1 - Department,Organization 1 - Symbol,Organization 1 - Location,Organization 1 - Job Description,Website 1 - Type,Website 1 - Value
